season_id,Batsman1_ID,Batsman1_TotalRuns,Bowler1_ID,Bowler1_TotalWickets,Batsman2_ID,Batsman2_TotalRuns,Bowler2_ID,Bowler2_TotalWickets,Batsman3_ID,Batsman3_TotalRuns,Bowler3_ID,Bowler3_TotalWickets
1,100,616,102,22,40,534,38,19,44,514,32,17
2,18,572,61,23,53,495,124,21,110,465,73,19
3,133,617,131,21,9,572,50,17,21,505,124,17
4,162,604,194,28,8,557,126,22,133,553,270,21
5,162,733,190,25,40,590,315,24,42,569,194,22
6,19,733,71,32,162,694,310,28,21,548,50,24
7,46,660,364,23,147,566,315,21,305,552,299,20
8,187,562,71,26,383,540,194,24,8,503,73,22
9,8,969,299,23,187,848,382,21,110,687,32,20
