Year,Minor_Category_1_Percentage,Minor_Category_2_Percentage,Minor_Category_3_Percentage,Minor_Category_4_Percentage,Minor_Category_5_Percentage
2008,13.4409,10.3663,8.6954,7.6702,7.6608
2009,13.3048,9.6005,7.8178,8.3915,7.7100
2010,14.5384,9.7451,7.5527,7.9856,7.5732
2011,15.6730,9.6017,7.2793,8.6133,7.0033
2012,17.9101,9.2493,6.4410,8.3702,6.8313
2013,16.8642,9.2524,6.6659,8.2367,5.8171
2014,15.9629,7.6696,5.9262,7.2003,6.7154
2015,15.1163,7.0296,5.0725,6.2752,6.7682
2016,14.1019,6.9715,4.7822,5.8409,6.7975
