Date,ASIN,Product_Title,ORDERED_UNITS,ORDERED_REVENUE,Average_Selling_Price_ASP,GLANCE_VIEWS,Conversion_Rate,SHIPPED_UNITS,SHIPPED_REVENUE,Net_Profit_Margin_PPM,Inventory_Details,Total_Ordered_Units,Average_Ordered_Units,Total_Ordered_Revenue,Average_Ordered_Revenue,Average_Selling_Price_ASP_Avg,Total_Glance_Views,Average_Glance_Views,Average_Conversion_Rate,Total_Shipped_Units,Average_Shipped_Units,Total_Shipped_Revenue,Average_Shipped_Revenue,Average_Net_Profit_Margin_PPM
2022-01-07 00:00:00-08:00,ASIN_140,TITLE_140,0,0.0,,,,0,0.0,0.0,,0,0.000,0.0,0.0,,,,,0,0.000,0.0,0.0,0.0
2022-01-07 00:00:00-08:00,ASIN_28,TITLE_28,0,0.0,,,,0,0.0,0.0,,0,0.000,0.0,0.0,,,,,0,0.000,0.0,0.0,0.0
2022-01-07 00:00:00-08:00,ASIN_30,TITLE_30,0,0.0,,,,0,0.0,,14767.0,0,0.000,0.0,0.0,,,,,0,0.000,0.0,0.0,0.0
2022-01-07 00:00:00-08:00,ASIN_30,TITLE_30,0,0.0,,,,0,0.0,,14715.0,0,0.000,0.0,0.0,,,,,0,0.000,0.0,0.0,0.0
2022-01-07 00:00:00-08:00,ASIN_70,TITLE_70,0,0.0,,,,0,0.0,0.0,,0,0.000,0.0,0.0,,,,,0,0.000,0.0,0.0,0.0
2022-01-07 00:00:00-08:00,ASIN_73,TITLE_73,0,0.0,,,,0,0.0,0.0,,0,0.000,0.0,0.0,,,,,0,0.000,0.0,0.0,0.0
2022-01-07 00:00:00-08:00,ASIN_74,TITLE_74,0,0.0,,,,0,0.0,0.0,,0,0.000,0.0,0.0,,,,,0,0.000,0.0,0.0,0.0
2022-01-08 00:00:00-08:00,ASIN_109,TITLE_109,37,325.97,8.81,,,31,273.11,,,74,37.000,651.94,325.97,8.81,79.0,79.000,0.4684,62,31.000,546.22,273.11,
2022-01-08 00:00:00-08:00,ASIN_112,TITLE_112,0,0.0,,,,0,0.0,,,0,0.000,0.0,0.0,,,,,0,0.000,0.0,0.0,0.0
2022-01-08 00:00:00-08:00,ASIN_115,TITLE_115,0,0.0,,,,0,0.0,,,-4,-0.333,-23.96,-1.9967,5.99,,,,0,0.000,0.0,0.0,0.0
2022-01-08 00:00:00-08:00,ASIN_117,TITLE_117,0,0.0,,,,0,0.0,0.0,,0,0.000,0.0,0.0,,,,,0,0.000,0.0,0.0,0.0
2022-01-08 00:00:00-08:00,ASIN_117,TITLE_117,0,0.0,,,,0,0.0,0.0,,0,0.000,0.0,0.0,,,,,0,0.000,0.0,0.0,0.0
2022-01-08 00:00:00-08:00,ASIN_123,TITLE_123,15,778.95,51.93,,,16,831.33,,,32,3.200,1661.76,166.176,51.93,,,,40,4.000,2078.1000000000004,207.81,0.3976
2022-01-08 00:00:00-08:00,ASIN_131,TITLE_131,0,0.0,,,,0,0.0,0.0,,0,0.000,0.0,0.0,,,,,0,0.000,0.0,0.0,0.0
2022-01-08 00:00:00-08:00,ASIN_131,TITLE_131,0,0.0,,,,0,0.0,0.0,,0,0.000,0.0,0.0,,,,,0,0.000,0.0,0.0,0.0
2022-01-08 00:00:00-08:00,ASIN_132,TITLE_132,15,132.15,8.81,,,16,141.5,,,494,123.500,4435.66,1108.915,8.9,,,,472,118.000,4228.16,1057.04,
2022-01-08 00:00:00-08:00,ASIN_140,TITLE_140,0,0.0,,,,0,0.0,0.0,,0,0.000,0.0,0.0,,,,,0,0.000,0.0,0.0,0.0
2022-01-08 00:00:00-08:00,ASIN_149,TITLE_149,9,79.29,8.81,,,4,35.24,,,18,9.000,158.58,79.29,8.81,,,,8,4.000,70.48,35.24,
2022-01-08 00:00:00-08:00,ASIN_150,TITLE_150,8,70.48,8.81,,,3,26.43,,,16,8.000,140.96,70.48,8.81,,,,6,3.000,52.86,26.43,
2022-01-08 00:00:00-08:00,ASIN_162,TITLE_162,-2,-91.98,45.99,,,0,0.0,,,-4,-1.000,-183.96,-45.99,45.99,,,,0,0.000,0.0,0.0,
2022-01-08 00:00:00-08:00,ASIN_165,TITLE_165,0,0.0,,,,0,0.0,,,0,0.000,0.0,0.0,,,,,0,0.000,0.0,0.0,
2022-01-08 00:00:00-08:00,ASIN_176,TITLE_176,0,0.0,,,,0,0.0,,,0,0.000,0.0,0.0,,,,,0,0.000,0.0,0.0,
2022-01-08 00:00:00-08:00,ASIN_191,TITLE_191,0,0.0,,,,1,29.99,,,2,0.500,59.98,14.995,29.99,,,,2,0.500,59.98,14.995,
2022-01-08 00:00:00-08:00,ASIN_193,TITLE_193,1,35.88,35.88,,,2,71.76,,,2,0.333,71.76,11.96,35.88,,,,4,0.666,143.52,23.92,0.0
2022-01-08 00:00:00-08:00,ASIN_2,TITLE_2,0,0.0,,,,0,0.0,0.0,3689.0,0,0.000,0.0,0.0,,,,,0,0.000,0.0,0.0,0.0
2022-01-08 00:00:00-08:00,ASIN_201,TITLE_201,0,0.0,,,,0,0.0,0.4172,,0,0.000,0.0,0.0,,,,,0,0.000,0.0,0.0,0.4172
2022-01-08 00:00:00-08:00,ASIN_205,TITLE_205,0,0.0,,,,0,0.0,,,0,0.000,0.0,0.0,,,,,0,0.000,0.0,0.0,
2022-01-08 00:00:00-08:00,ASIN_207,TITLE_207,0,0.0,,,,0,0.0,,,6,1.000,89.94,14.99,14.99,,,,10,1.666,119.86000000000001,19.9767,
2022-01-08 00:00:00-08:00,ASIN_208,TITLE_208,1,7.99,7.99,,,1,7.99,0.5945,,2,0.500,15.98,3.995,7.99,,,,4,1.000,31.96,7.99,0.5945
2022-01-08 00:00:00-08:00,ASIN_211,TITLE_211,0,0.0,,,,0,0.0,,,0,0.000,0.0,0.0,,,,,0,0.000,0.0,0.0,
2022-01-08 00:00:00-08:00,ASIN_23,TITLE_23,96,3009.6,31.35,289.0,0.3322,96,3009.6,,,820,102.500,25707.0,3213.375,31.35,2787.0,348.375,0.3000,784,98.000,24578.4,3072.3,0.3886
2022-01-08 00:00:00-08:00,ASIN_23,TITLE_23,96,3009.6,31.35,301.0,0.3189,96,3009.6,,,820,102.500,25707.0,3213.375,31.35,2787.0,348.375,0.3000,784,98.000,24578.4,3072.3,0.3886
2022-01-08 00:00:00-08:00,ASIN_28,TITLE_28,0,0.0,,,,0,0.0,0.0,,0,0.000,0.0,0.0,,,,,0,0.000,0.0,0.0,0.0
2022-01-08 00:00:00-08:00,ASIN_3,TITLE_3,12,117.48,9.79,,,14,138.46,0.0,830.0,24,12.000,234.96,117.48,9.79,,,,28,14.000,276.92,138.46,0.0
2022-01-08 00:00:00-08:00,ASIN_30,TITLE_30,0,0.0,,,,0,0.0,,14766.0,0,0.000,0.0,0.0,,,,,0,0.000,0.0,0.0,0.0
2022-01-08 00:00:00-08:00,ASIN_34,TITLE_34,0,0.0,,,,0,0.0,0.0,,0,0.000,0.0,0.0,,,,,0,0.000,0.0,0.0,0.0
2022-01-08 00:00:00-08:00,ASIN_36,TITLE_36,6,447.24,74.54,,,3,223.62,,,52,8.666,3876.0800000000004,646.0133,74.54,,,,38,6.333,2832.52,472.0867,
2022-01-08 00:00:00-08:00,ASIN_4,TITLE_4,28,274.12,9.79,,,35,342.65,,,56,28.000,548.24,274.12,9.79,,,,70,35.000,685.3,342.65,
2022-01-08 00:00:00-08:00,ASIN_45,TITLE_45,0,0.0,,,,0,0.0,,,0,0.000,0.0,0.0,,,,,0,0.000,0.0,0.0,0.0
2022-01-08 00:00:00-08:00,ASIN_5,TITLE_5,16,140.96,8.81,,,19,167.39,,6649.0,32,16.000,281.92,140.96,8.81,,,,38,19.000,334.78,167.39,
2022-01-08 00:00:00-08:00,ASIN_52,TITLE_52,0,0.0,,,,2,215.58,,,0,0.000,0.0,0.0,,,,,4,0.400,431.16,43.116,0.0
2022-01-08 00:00:00-08:00,ASIN_53,TITLE_53,6,119.94,19.99,,,10,199.55,,,676,169.000,13419.099999999999,3354.775,19.9191,,,,666,166.500,13243.640000000001,3310.91,
2022-01-08 00:00:00-08:00,ASIN_57,TITLE_57,0,0.0,,,,0,0.0,,,0,0.000,0.0,0.0,,,,,0,0.000,0.0,0.0,0.0
2022-01-08 00:00:00-08:00,ASIN_67,TITLE_67,8,639.92,79.99,,,2,159.98,,,46,9.200,3679.54,735.908,79.99,,,,10,2.000,799.8999999999999,159.98,
2022-01-08 00:00:00-08:00,ASIN_73,TITLE_73,0,0.0,,,,0,0.0,0.0,,0,0.000,0.0,0.0,,,,,0,0.000,0.0,0.0,0.0
2022-01-08 00:00:00-08:00,ASIN_74,TITLE_74,0,0.0,,,,0,0.0,0.0,,0,0.000,0.0,0.0,,,,,0,0.000,0.0,0.0,0.0
2022-01-08 00:00:00-08:00,ASIN_84,TITLE_84,0,0.0,,,,0,0.0,,,0,0.000,0.0,0.0,,,,,0,0.000,0.0,0.0,0.0
2022-01-08 00:00:00-08:00,ASIN_85,TITLE_85,0,0.0,,,,0,0.0,,,0,0.000,0.0,0.0,,,,,0,0.000,0.0,0.0,0.0
2022-01-08 00:00:00-08:00,ASIN_94,TITLE_94,0,0.0,,,,0,0.0,0.0,,0,0.000,0.0,0.0,,,,,0,0.000,0.0,0.0,0.0
2022-01-08 00:00:00-08:00,ASIN_94,TITLE_94,0,0.0,,,,0,0.0,0.0,,0,0.000,0.0,0.0,,,,,0,0.000,0.0,0.0,0.0
2022-01-09 00:00:00-08:00,ASIN_112,TITLE_112,0,0.0,,,,0,0.0,,,0,0.000,0.0,0.0,,,,,0,0.000,0.0,0.0,0.0
2022-01-09 00:00:00-08:00,ASIN_131,TITLE_131,0,0.0,,,,0,0.0,,,0,0.000,0.0,0.0,,,,,0,0.000,0.0,0.0,0.0
2022-01-09 00:00:00-08:00,ASIN_140,TITLE_140,0,0.0,,,,0,0.0,0.0,,0,0.000,0.0,0.0,,,,,0,0.000,0.0,0.0,0.0
2022-01-09 00:00:00-08:00,ASIN_140,TITLE_140,0,0.0,,,,0,0.0,0.0,,0,0.000,0.0,0.0,,,,,0,0.000,0.0,0.0,0.0
2022-01-09 00:00:00-08:00,ASIN_193,TITLE_193,0,0.0,,,,0,0.0,0.0,,2,0.333,71.76,11.96,35.88,,,,4,0.666,143.52,23.92,0.0
2022-01-09 00:00:00-08:00,ASIN_210,TITLE_210,0,0.0,,,,0,0.0,,,0,0.000,0.0,0.0,,,,,0,0.000,0.0,0.0,
2022-01-09 00:00:00-08:00,ASIN_213,TITLE_213,0,0.0,,,,0,0.0,0.0,,0,0.000,0.0,0.0,,,,,0,0.000,0.0,0.0,0.0
2022-01-09 00:00:00-08:00,ASIN_26,TITLE_26,0,0.0,,,,0,0.0,,,0,0.000,0.0,0.0,,,,,0,0.000,0.0,0.0,
2022-01-09 00:00:00-08:00,ASIN_28,TITLE_28,0,0.0,,,,0,0.0,,,0,0.000,0.0,0.0,,,,,0,0.000,0.0,0.0,0.0
2022-01-09 00:00:00-08:00,ASIN_29,TITLE_29,0,0.0,,,,0,0.0,,8055.0,0,0.000,0.0,0.0,,,,,0,0.000,0.0,0.0,0.0
2022-01-09 00:00:00-08:00,ASIN_30,TITLE_30,0,0.0,,,,0,0.0,,14762.0,0,0.000,0.0,0.0,,,,,0,0.000,0.0,0.0,0.0
2022-01-09 00:00:00-08:00,ASIN_30,TITLE_30,0,0.0,,,,0,0.0,,14762.0,0,0.000,0.0,0.0,,,,,0,0.000,0.0,0.0,0.0
2022-01-09 00:00:00-08:00,ASIN_54,TITLE_54,0,0.0,,,,0,0.0,0.0,,0,0.000,0.0,0.0,,,,,0,0.000,0.0,0.0,0.0
2022-01-09 00:00:00-08:00,ASIN_56,TITLE_56,0,0.0,,,,0,0.0,,,0,0.000,0.0,0.0,,,,,0,0.000,0.0,0.0,0.0
2022-01-09 00:00:00-08:00,ASIN_57,TITLE_57,0,0.0,,,,0,0.0,,,0,0.000,0.0,0.0,,,,,0,0.000,0.0,0.0,0.0
2022-01-09 00:00:00-08:00,ASIN_70,TITLE_70,0,0.0,,,,0,0.0,,,0,0.000,0.0,0.0,,,,,0,0.000,0.0,0.0,0.0
2022-01-09 00:00:00-08:00,ASIN_73,TITLE_73,0,0.0,,,,0,0.0,0.0,,0,0.000,0.0,0.0,,,,,0,0.000,0.0,0.0,0.0
2022-01-09 00:00:00-08:00,ASIN_73,TITLE_73,0,0.0,,,,0,0.0,0.0,,0,0.000,0.0,0.0,,,,,0,0.000,0.0,0.0,0.0
2022-01-09 00:00:00-08:00,ASIN_74,TITLE_74,0,0.0,,,,0,0.0,0.0,,0,0.000,0.0,0.0,,,,,0,0.000,0.0,0.0,0.0
2022-01-09 00:00:00-08:00,ASIN_84,TITLE_84,0,0.0,,,,0,0.0,0.0,,0,0.000,0.0,0.0,,,,,0,0.000,0.0,0.0,0.0
2022-01-09 00:00:00-08:00,ASIN_84,TITLE_84,0,0.0,,,,0,0.0,0.0,,0,0.000,0.0,0.0,,,,,0,0.000,0.0,0.0,0.0
2022-01-09 00:00:00-08:00,ASIN_92,TITLE_92,0,0.0,,,,0,0.0,,,1,0.200,9.99,1.998,9.99,,,,17,3.400,167.83,33.566,0.0
2022-01-10 00:00:00-08:00,ASIN_102,TITLE_102,29,1049.8,36.2,109.0,0.2661,21,760.35,,,292,36.500,10570.4,1321.3,36.2,1073.0,134.125,0.2757,288,36.000,10427.48,1303.435,
2022-01-10 00:00:00-08:00,ASIN_102,TITLE_102,29,1049.8,36.2,110.0,0.2636,21,760.35,,,292,36.500,10570.4,1321.3,36.2,1073.0,134.125,0.2757,288,36.000,10427.48,1303.435,
2022-01-10 00:00:00-08:00,ASIN_109,TITLE_109,37,325.97,8.81,79.0,0.4684,31,273.11,,,74,37.000,651.94,325.97,8.81,79.0,79.000,0.4684,62,31.000,546.22,273.11,
2022-01-10 00:00:00-08:00,ASIN_115,TITLE_115,0,0.0,,,,0,0.0,,,-4,-0.333,-23.96,-1.9967,5.99,,,,0,0.000,0.0,0.0,0.0
2022-01-10 00:00:00-08:00,ASIN_117,TITLE_117,0,0.0,,,,0,0.0,0.0,,0,0.000,0.0,0.0,,,,,0,0.000,0.0,0.0,0.0
2022-01-10 00:00:00-08:00,ASIN_117,TITLE_117,0,0.0,,,,0,0.0,0.0,,0,0.000,0.0,0.0,,,,,0,0.000,0.0,0.0,0.0
2022-01-10 00:00:00-08:00,ASIN_117,TITLE_117,0,0.0,,,,0,0.0,0.0,,0,0.000,0.0,0.0,,,,,0,0.000,0.0,0.0,0.0
2022-01-10 00:00:00-08:00,ASIN_117,TITLE_117,0,0.0,,,,0,0.0,0.0,,0,0.000,0.0,0.0,,,,,0,0.000,0.0,0.0,0.0
2022-01-10 00:00:00-08:00,ASIN_123,TITLE_123,15,778.95,51.93,,,16,831.33,,,32,3.200,1661.76,166.176,51.93,,,,40,4.000,2078.1000000000004,207.81,0.3976
2022-01-10 00:00:00-08:00,ASIN_132,TITLE_132,15,132.15,8.81,,,16,141.5,,,494,123.500,4435.66,1108.915,8.9,,,,472,118.000,4228.16,1057.04,
2022-01-10 00:00:00-08:00,ASIN_141,TITLE_141,0,0.0,,,,0,0.0,,,0,0.000,0.0,0.0,,,,,0,0.000,0.0,0.0,0.0
2022-01-10 00:00:00-08:00,ASIN_149,TITLE_149,9,79.29,8.81,,,4,35.24,,,18,9.000,158.58,79.29,8.81,,,,8,4.000,70.48,35.24,
2022-01-10 00:00:00-08:00,ASIN_150,TITLE_150,8,70.48,8.81,,,3,26.43,,,16,8.000,140.96,70.48,8.81,,,,6,3.000,52.86,26.43,
2022-01-10 00:00:00-08:00,ASIN_162,TITLE_162,-2,-91.98,45.99,,,0,0.0,,,-4,-1.000,-183.96,-45.99,45.99,,,,0,0.000,0.0,0.0,
2022-01-10 00:00:00-08:00,ASIN_165,TITLE_165,0,0.0,,,,0,0.0,,,0,0.000,0.0,0.0,,,,,0,0.000,0.0,0.0,
2022-01-10 00:00:00-08:00,ASIN_176,TITLE_176,0,0.0,,,,0,0.0,,,0,0.000,0.0,0.0,,,,,0,0.000,0.0,0.0,
2022-01-10 00:00:00-08:00,ASIN_191,TITLE_191,0,0.0,,,,1,29.99,,,2,0.500,59.98,14.995,29.99,,,,2,0.500,59.98,14.995,
2022-01-10 00:00:00-08:00,ASIN_191,TITLE_191,1,29.99,29.99,,,0,0.0,,,2,0.500,59.98,14.995,29.99,,,,2,0.500,59.98,14.995,
2022-01-10 00:00:00-08:00,ASIN_193,TITLE_193,1,35.88,35.88,,,2,71.76,,,2,0.333,71.76,11.96,35.88,,,,4,0.666,143.52,23.92,0.0
2022-01-10 00:00:00-08:00,ASIN_200,TITLE_200,1,17.99,17.99,,,0,0.0,0.4172,,4,0.666,71.96,11.9933,17.99,,,,2,0.333,35.98,5.9967,0.2086
2022-01-10 00:00:00-08:00,ASIN_205,TITLE_205,0,0.0,,,,0,0.0,,,0,0.000,0.0,0.0,,,,,0,0.000,0.0,0.0,
2022-01-10 00:00:00-08:00,ASIN_207,TITLE_207,0,0.0,,,,1,14.96,,,6,1.000,89.94,14.99,14.99,,,,10,1.666,119.86000000000001,19.9767,
2022-01-10 00:00:00-08:00,ASIN_207,TITLE_207,0,0.0,,,,0,0.0,,,6,1.000,89.94,14.99,14.99,,,,10,1.666,119.86000000000001,19.9767,
2022-01-10 00:00:00-08:00,ASIN_208,TITLE_208,0,0.0,,,,1,7.99,0.5945,,2,0.500,15.98,3.995,7.99,,,,4,1.000,31.96,7.99,0.5945
2022-01-10 00:00:00-08:00,ASIN_208,TITLE_208,1,7.99,7.99,,,1,7.99,0.5945,,2,0.500,15.98,3.995,7.99,,,,4,1.000,31.96,7.99,0.5945
2022-01-10 00:00:00-08:00,ASIN_214,TITLE_214,0,0.0,,,,0,0.0,,,0,0.000,0.0,0.0,,,,,0,0.000,0.0,0.0,
2022-01-10 00:00:00-08:00,ASIN_23,TITLE_23,96,3009.6,31.35,289.0,0.3322,96,3009.6,,,820,102.500,25707.0,3213.375,31.35,2787.0,348.375,0.3000,784,98.000,24578.4,3072.3,0.3886
2022-01-10 00:00:00-08:00,ASIN_23,TITLE_23,96,3009.6,31.35,280.0,0.3429,96,3009.6,,,820,102.500,25707.0,3213.375,31.35,2787.0,348.375,0.3000,784,98.000,24578.4,3072.3,0.3886
2022-01-10 00:00:00-08:00,ASIN_3,TITLE_3,12,117.48,9.79,,,14,138.46,,848.0,24,12.000,234.96,117.48,9.79,,,,28,14.000,276.92,138.46,0.0
2022-01-10 00:00:00-08:00,ASIN_35,TITLE_35,19,1395.67,73.4563,228.0,0.0833,48,3527.36,,,68,11.333,5009.72,834.9533,72.8442,1198.0,199.666,0.0580,322,53.666,23506.480000000003,3917.7467,
2022-01-10 00:00:00-08:00,ASIN_35,TITLE_35,19,1395.67,73.4563,170.0,0.1118,48,3527.36,,,68,11.333,5009.72,834.9533,72.8442,1198.0,199.666,0.0580,322,53.666,23506.480000000003,3917.7467,
2022-01-10 00:00:00-08:00,ASIN_36,TITLE_36,4,298.16,74.54,,,6,447.24,,,52,8.666,3876.0800000000004,646.0133,74.54,,,,38,6.333,2832.52,472.0867,
2022-01-10 00:00:00-08:00,ASIN_36,TITLE_36,6,447.24,74.54,,,3,223.62,,,52,8.666,3876.0800000000004,646.0133,74.54,,,,38,6.333,2832.52,472.0867,
2022-01-10 00:00:00-08:00,ASIN_37,TITLE_37,0,0.0,,,,0,0.0,,,0,0.000,0.0,0.0,,,,,0,0.000,0.0,0.0,0.0
2022-01-10 00:00:00-08:00,ASIN_38,TITLE_38,74,6519.66,88.1035,328.0,0.2256,60,5277.57,,,852,106.500,75084.12000000001,9385.515,88.1215,2736.0,342.000,0.3070,716,89.500,63083.399999999994,7885.425,
2022-01-10 00:00:00-08:00,ASIN_38,TITLE_38,74,6519.66,88.1035,303.0,0.2442,60,5277.57,,,852,106.500,75084.12000000001,9385.515,88.1215,2736.0,342.000,0.3070,716,89.500,63083.399999999994,7885.425,
2022-01-10 00:00:00-08:00,ASIN_4,TITLE_4,28,274.12,9.79,,,35,342.65,,,56,28.000,548.24,274.12,9.79,,,,70,35.000,685.3,342.65,
2022-01-10 00:00:00-08:00,ASIN_45,TITLE_45,0,0.0,,,,0,0.0,0.0,,0,0.000,0.0,0.0,,,,,0,0.000,0.0,0.0,0.0
2022-01-10 00:00:00-08:00,ASIN_5,TITLE_5,16,140.96,8.81,,,19,167.39,,6643.0,32,16.000,281.92,140.96,8.81,,,,38,19.000,334.78,167.39,
2022-01-10 00:00:00-08:00,ASIN_52,TITLE_52,0,0.0,,,,2,215.58,,,0,0.000,0.0,0.0,,,,,4,0.400,431.16,43.116,0.0
2022-01-10 00:00:00-08:00,ASIN_53,TITLE_53,6,119.94,19.99,,,10,199.55,,,676,169.000,13419.099999999999,3354.775,19.9191,,,,666,166.500,13243.640000000001,3310.91,
2022-01-10 00:00:00-08:00,ASIN_54,TITLE_54,0,0.0,,,,0,0.0,0.0,,0,0.000,0.0,0.0,,,,,0,0.000,0.0,0.0,0.0
2022-01-10 00:00:00-08:00,ASIN_66,TITLE_66,0,0.0,,,,0,0.0,,,0,0.000,0.0,0.0,,,,,0,0.000,0.0,0.0,0.0
2022-01-10 00:00:00-08:00,ASIN_67,TITLE_67,8,639.92,79.99,,,2,159.98,,,46,9.200,3679.54,735.908,79.99,,,,10,2.000,799.8999999999999,159.98,
2022-01-10 00:00:00-08:00,ASIN_82,TITLE_82,0,0.0,,,,0,0.0,,,0,0.000,0.0,0.0,,,,,0,0.000,0.0,0.0,0.0
2022-01-10 00:00:00-08:00,ASIN_94,TITLE_94,0,0.0,,,,0,0.0,0.0,,0,0.000,0.0,0.0,,,,,0,0.000,0.0,0.0,0.0
2022-01-10 00:00:00-08:00,ASIN_94,TITLE_94,0,0.0,,,,0,0.0,0.0,,0,0.000,0.0,0.0,,,,,0,0.000,0.0,0.0,0.0
2022-01-11 00:00:00-08:00,ASIN_112,TITLE_112,0,0.0,,,,0,0.0,,,0,0.000,0.0,0.0,,,,,0,0.000,0.0,0.0,0.0
2022-01-11 00:00:00-08:00,ASIN_131,TITLE_131,0,0.0,,,,0,0.0,,,0,0.000,0.0,0.0,,,,,0,0.000,0.0,0.0,0.0
2022-01-11 00:00:00-08:00,ASIN_193,TITLE_193,0,0.0,,,,0,0.0,0.0,,2,0.333,71.76,11.96,35.88,,,,4,0.666,143.52,23.92,0.0
2022-01-11 00:00:00-08:00,ASIN_210,TITLE_210,0,0.0,,,,0,0.0,,,0,0.000,0.0,0.0,,,,,0,0.000,0.0,0.0,
2022-01-11 00:00:00-08:00,ASIN_213,TITLE_213,0,0.0,,,,0,0.0,0.0,,0,0.000,0.0,0.0,,,,,0,0.000,0.0,0.0,0.0
2022-01-11 00:00:00-08:00,ASIN_26,TITLE_26,0,0.0,,,,0,0.0,,,0,0.000,0.0,0.0,,,,,0,0.000,0.0,0.0,
2022-01-11 00:00:00-08:00,ASIN_29,TITLE_29,0,0.0,,,,0,0.0,,7830.0,0,0.000,0.0,0.0,,,,,0,0.000,0.0,0.0,0.0
2022-01-11 00:00:00-08:00,ASIN_30,TITLE_30,0,0.0,,,,0,0.0,,14712.0,0,0.000,0.0,0.0,,,,,0,0.000,0.0,0.0,0.0
2022-01-11 00:00:00-08:00,ASIN_54,TITLE_54,0,0.0,,,,0,0.0,0.0,,0,0.000,0.0,0.0,,,,,0,0.000,0.0,0.0,0.0
2022-01-11 00:00:00-08:00,ASIN_56,TITLE_56,0,0.0,,,,0,0.0,,,0,0.000,0.0,0.0,,,,,0,0.000,0.0,0.0,0.0
2022-01-11 00:00:00-08:00,ASIN_57,TITLE_57,0,0.0,,,,0,0.0,,,0,0.000,0.0,0.0,,,,,0,0.000,0.0,0.0,0.0
2022-01-11 00:00:00-08:00,ASIN_84,TITLE_84,0,0.0,,,,0,0.0,0.0,,0,0.000,0.0,0.0,,,,,0,0.000,0.0,0.0,0.0
2022-01-11 00:00:00-08:00,ASIN_92,TITLE_92,0,0.0,,,,0,0.0,0.0,,1,0.200,9.99,1.998,9.99,,,,17,3.400,167.83,33.566,0.0
2022-01-12 00:00:00-08:00,ASIN_10,TITLE_10,12,705.48,58.79,,,13,764.27,,,70,17.500,4117.360000000001,1029.34,58.8124,,,,52,13.000,3057.08,764.27,
2022-01-12 00:00:00-08:00,ASIN_102,TITLE_102,29,1049.8,36.2,109.0,0.2661,21,760.35,,,292,36.500,10570.4,1321.3,36.2,1073.0,134.125,0.2757,288,36.000,10427.48,1303.435,
2022-01-12 00:00:00-08:00,ASIN_102,TITLE_102,29,1049.8,36.2,123.0,0.2358,21,760.35,,,292,36.500,10570.4,1321.3,36.2,1073.0,134.125,0.2757,288,36.000,10427.48,1303.435,
2022-01-12 00:00:00-08:00,ASIN_105,TITLE_105,0,0.0,,,,0,0.0,0.0,,-2,-0.333,-41.88,-6.98,20.94,,,,0,0.000,0.0,0.0,0.0
2022-01-12 00:00:00-08:00,ASIN_11,TITLE_11,18,811.26,45.07,,,25,1126.75,,,112,18.666,5113.24,852.2067,45.6967,,,,88,14.666,3974.86,662.4767,
2022-01-12 00:00:00-08:00,ASIN_112,TITLE_112,0,0.0,,,,0,0.0,0.0,,0,0.000,0.0,0.0,,,,,0,0.000,0.0,0.0,0.0
2022-01-12 00:00:00-08:00,ASIN_113,TITLE_113,0,0.0,,,,0,0.0,0.0,,0,0.000,0.0,0.0,,,,,0,0.000,0.0,0.0,0.0
2022-01-12 00:00:00-08:00,ASIN_113,TITLE_113,0,0.0,,,,0,0.0,0.0,,0,0.000,0.0,0.0,,,,,0,0.000,0.0,0.0,0.0
2022-01-12 00:00:00-08:00,ASIN_115,TITLE_115,0,0.0,,,,0,0.0,0.0,,-4,-0.333,-23.96,-1.9967,5.99,,,,0,0.000,0.0,0.0,0.0
2022-01-12 00:00:00-08:00,ASIN_117,TITLE_117,0,0.0,,,,0,0.0,0.0,,0,0.000,0.0,0.0,,,,,0,0.000,0.0,0.0,0.0
2022-01-12 00:00:00-08:00,ASIN_12,TITLE_12,12,299.88,24.99,,,17,424.83,,1635.0,52,13.000,1299.48,324.87,24.99,,,,54,13.500,1349.46,337.365,
2022-01-12 00:00:00-08:00,ASIN_127,TITLE_127,-1,-34.29,34.29,,,0,0.0,0.0,,-3,-0.750,-102.87,-25.7175,34.29,,,,0,0.000,0.0,0.0,0.0
2022-01-12 00:00:00-08:00,ASIN_129,TITLE_129,0,0.0,,,,3,149.97,,,0,0.000,0.0,0.0,,,,,10,1.428,499.9,71.4143,0.0775
2022-01-12 00:00:00-08:00,ASIN_13,TITLE_13,1,55.36,55.36,,,2,110.72,,,4,1.000,221.44,55.36,55.36,,,,10,2.500,553.6,138.4,
2022-01-12 00:00:00-08:00,ASIN_130,TITLE_130,77,4530.48,58.8374,228.0,0.3377,66,3883.79,,,636,63.600,37405.04,3740.504,58.809,11159.0,1115.900,0.2439,728,72.800,42813.72,4281.372,0.3977
2022-01-12 00:00:00-08:00,ASIN_130,TITLE_130,77,4530.48,58.8374,181.0,0.4254,66,3883.79,,,636,63.600,37405.04,3740.504,58.809,11159.0,1115.900,0.2439,728,72.800,42813.72,4281.372,0.3977
2022-01-12 00:00:00-08:00,ASIN_14,TITLE_14,-1,-30.49,30.49,,,0,0.0,,,2,0.500,60.98,15.245,30.49,,,,4,1.000,121.96,30.49,
2022-01-12 00:00:00-08:00,ASIN_141,TITLE_141,0,0.0,,,,0,0.0,0.0,,0,0.000,0.0,0.0,,,,,0,0.000,0.0,0.0,0.0
2022-01-12 00:00:00-08:00,ASIN_15,TITLE_15,34,829.66,24.4018,113.0,0.3009,24,587.76,,,106,26.500,2588.94,647.235,24.4328,215.0,107.500,0.2436,82,20.500,2008.1799999999998,502.045,
2022-01-12 00:00:00-08:00,ASIN_16,TITLE_16,21,524.79,24.99,,,21,524.79,,,147,29.400,3673.5299999999997,734.706,24.99,326.0,108.666,0.3225,189,37.800,4723.11,944.622,
2022-01-12 00:00:00-08:00,ASIN_17,TITLE_17,36,811.08,22.53,141.0,0.2553,43,968.79,,,308,38.500,6939.24,867.405,22.53,1486.0,185.750,0.2153,304,38.000,6849.12,856.14,0.3996
2022-01-12 00:00:00-08:00,ASIN_17,TITLE_17,36,811.08,22.53,138.0,0.2609,43,968.79,,,308,38.500,6939.24,867.405,22.53,1486.0,185.750,0.2153,304,38.000,6849.12,856.14,0.3996
2022-01-12 00:00:00-08:00,ASIN_191,TITLE_191,1,29.99,29.99,,,0,0.0,,,2,0.500,59.98,14.995,29.99,,,,2,0.500,59.98,14.995,
2022-01-12 00:00:00-08:00,ASIN_200,TITLE_200,1,17.99,17.99,,,0,0.0,,,4,0.666,71.96,11.9933,17.99,,,,2,0.333,35.98,5.9967,0.2086
2022-01-12 00:00:00-08:00,ASIN_207,TITLE_207,0,0.0,,,,1,14.96,,,6,1.000,89.94,14.99,14.99,,,,10,1.666,119.86000000000001,19.9767,
2022-01-12 00:00:00-08:00,ASIN_208,TITLE_208,0,0.0,,,,1,7.99,,,2,0.500,15.98,3.995,7.99,,,,4,1.000,31.96,7.99,0.5945
2022-01-12 00:00:00-08:00,ASIN_214,TITLE_214,0,0.0,,,,0,0.0,,,0,0.000,0.0,0.0,,,,,0,0.000,0.0,0.0,
2022-01-12 00:00:00-08:00,ASIN_28,TITLE_28,0,0.0,,,,0,0.0,0.0,,0,0.000,0.0,0.0,,,,,0,0.000,0.0,0.0,0.0
2022-01-12 00:00:00-08:00,ASIN_35,TITLE_35,19,1395.67,73.4563,232.0,0.0819,48,3527.36,,,68,11.333,5009.72,834.9533,72.8442,1198.0,199.666,0.0580,322,53.666,23506.480000000003,3917.7467,
2022-01-12 00:00:00-08:00,ASIN_35,TITLE_35,19,1395.67,73.4563,170.0,0.1118,48,3527.36,,,68,11.333,5009.72,834.9533,72.8442,1198.0,199.666,0.0580,322,53.666,23506.480000000003,3917.7467,
2022-01-12 00:00:00-08:00,ASIN_36,TITLE_36,4,298.16,74.54,,,6,447.24,,,52,8.666,3876.0800000000004,646.0133,74.54,,,,38,6.333,2832.52,472.0867,
2022-01-12 00:00:00-08:00,ASIN_37,TITLE_37,0,0.0,,,,0,0.0,,,0,0.000,0.0,0.0,,,,,0,0.000,0.0,0.0,0.0
2022-01-12 00:00:00-08:00,ASIN_38,TITLE_38,74,6519.66,88.1035,328.0,0.2256,60,5277.57,,,852,106.500,75084.12000000001,9385.515,88.1215,2736.0,342.000,0.3070,716,89.500,63083.399999999994,7885.425,
2022-01-12 00:00:00-08:00,ASIN_38,TITLE_38,74,6519.66,88.1035,321.0,0.2305,60,5277.57,,,852,106.500,75084.12000000001,9385.515,88.1215,2736.0,342.000,0.3070,716,89.500,63083.399999999994,7885.425,
2022-01-12 00:00:00-08:00,ASIN_45,TITLE_45,0,0.0,,,,0,0.0,0.0,,0,0.000,0.0,0.0,,,,,0,0.000,0.0,0.0,0.0
2022-01-12 00:00:00-08:00,ASIN_47,TITLE_47,0,0.0,,,,0,0.0,0.0,,0,0.000,0.0,0.0,,,,,0,0.000,0.0,0.0,0.0
2022-01-12 00:00:00-08:00,ASIN_54,TITLE_54,0,0.0,,,,0,0.0,0.0,,0,0.000,0.0,0.0,,,,,0,0.000,0.0,0.0,0.0
2022-01-12 00:00:00-08:00,ASIN_55,TITLE_55,0,0.0,,,,0,0.0,0.0,,0,0.000,0.0,0.0,,,,,0,0.000,0.0,0.0,0.0
2022-01-12 00:00:00-08:00,ASIN_55,TITLE_55,0,0.0,,,,0,0.0,0.0,,0,0.000,0.0,0.0,,,,,0,0.000,0.0,0.0,0.0
2022-01-12 00:00:00-08:00,ASIN_57,TITLE_57,0,0.0,,,,0,0.0,0.0,,0,0.000,0.0,0.0,,,,,0,0.000,0.0,0.0,0.0
2022-01-12 00:00:00-08:00,ASIN_6,TITLE_6,18,546.66,30.37,,,21,637.77,,2584.0,885,98.333,26877.45,2986.3833,30.37,5551.0,793.000,0.9638,169,18.777,5132.53,570.2811,
2022-01-12 00:00:00-08:00,ASIN_66,TITLE_66,0,0.0,,,,0,0.0,,,0,0.000,0.0,0.0,,,,,0,0.000,0.0,0.0,0.0
2022-01-12 00:00:00-08:00,ASIN_7,TITLE_7,22,2696.1,122.55,80.0,0.2750,19,2327.31,,,44,8.800,5392.2,1078.44,122.55,166.0,83.000,0.2654,55,11.000,6738.02,1347.604,
2022-01-12 00:00:00-08:00,ASIN_77,TITLE_77,25,274.75,10.99,104.0,0.2404,10,109.9,,,75,25.000,824.25,274.75,10.99,324.0,108.000,0.2317,30,10.000,329.70000000000005,109.9,0.512
2022-01-12 00:00:00-08:00,ASIN_77,TITLE_77,25,274.75,10.99,110.0,0.2273,10,109.9,,,75,25.000,824.25,274.75,10.99,324.0,108.000,0.2317,30,10.000,329.70000000000005,109.9,0.512
2022-01-12 00:00:00-08:00,ASIN_8,TITLE_8,44,4527.16,102.89,167.0,0.2635,50,5144.5,,692.0,358,35.800,36987.68,3698.768,105.9512,1453.0,181.625,0.2407,406,40.600,41787.659999999996,4178.766,
2022-01-12 00:00:00-08:00,ASIN_8,TITLE_8,44,4527.16,102.89,175.0,0.2514,50,5144.5,,692.0,358,35.800,36987.68,3698.768,105.9512,1453.0,181.625,0.2407,406,40.600,41787.659999999996,4178.766,
2022-01-12 00:00:00-08:00,ASIN_82,TITLE_82,0,0.0,,,,0,0.0,0.0,,0,0.000,0.0,0.0,,,,,0,0.000,0.0,0.0,0.0
2022-01-12 00:00:00-08:00,ASIN_9,TITLE_9,3,152.85,50.95,,,8,407.6,,1410.0,93,13.285,4738.35,676.9071,50.95,337.0,112.333,0.1547,96,13.714,4891.200000000001,698.7429,
2022-01-12 00:00:00-08:00,ASIN_94,TITLE_94,0,0.0,,,,0,0.0,0.0,,0,0.000,0.0,0.0,,,,,0,0.000,0.0,0.0,0.0
2022-01-13 00:00:00-08:00,ASIN_112,TITLE_112,0,0.0,,,,0,0.0,,,0,0.000,0.0,0.0,,,,,0,0.000,0.0,0.0,0.0
2022-01-13 00:00:00-08:00,ASIN_117,TITLE_117,0,0.0,,,,0,0.0,,,0,0.000,0.0,0.0,,,,,0,0.000,0.0,0.0,0.0
2022-01-13 00:00:00-08:00,ASIN_162,TITLE_162,0,0.0,,,,0,0.0,,,-4,-1.000,-183.96,-45.99,45.99,,,,0,0.000,0.0,0.0,
2022-01-13 00:00:00-08:00,ASIN_170,TITLE_170,0,0.0,,,,0,0.0,,,-1,-0.333,-90.66,-30.22,90.66,,,,0,0.000,0.0,0.0,
2022-01-13 00:00:00-08:00,ASIN_27,TITLE_27,0,0.0,,,,0,0.0,0.0,,0,0.000,0.0,0.0,,,,,0,0.000,0.0,0.0,0.0
2022-01-13 00:00:00-08:00,ASIN_28,TITLE_28,0,0.0,,,,0,0.0,,,0,0.000,0.0,0.0,,,,,0,0.000,0.0,0.0,0.0
2022-01-13 00:00:00-08:00,ASIN_57,TITLE_57,0,0.0,,,,0,0.0,,,0,0.000,0.0,0.0,,,,,0,0.000,0.0,0.0,0.0
2022-01-13 00:00:00-08:00,ASIN_69,TITLE_69,0,0.0,,,,0,0.0,0.0,,0,0.000,0.0,0.0,,,,,0,0.000,0.0,0.0,0.0
2022-01-14 00:00:00-08:00,ASIN_10,TITLE_10,12,705.48,58.79,,,13,764.27,,,70,17.500,4117.360000000001,1029.34,58.8124,,,,52,13.000,3057.08,764.27,
2022-01-14 00:00:00-08:00,ASIN_105,TITLE_105,0,0.0,,,,0,0.0,0.0,,-2,-0.333,-41.88,-6.98,20.94,,,,0,0.000,0.0,0.0,0.0
2022-01-14 00:00:00-08:00,ASIN_105,TITLE_105,0,0.0,,,,0,0.0,0.0,,-2,-0.333,-41.88,-6.98,20.94,,,,0,0.000,0.0,0.0,0.0
2022-01-14 00:00:00-08:00,ASIN_11,TITLE_11,18,811.26,45.07,,,25,1126.75,,,112,18.666,5113.24,852.2067,45.6967,,,,88,14.666,3974.86,662.4767,
2022-01-14 00:00:00-08:00,ASIN_112,TITLE_112,0,0.0,,,,0,0.0,0.0,,0,0.000,0.0,0.0,,,,,0,0.000,0.0,0.0,0.0
2022-01-14 00:00:00-08:00,ASIN_113,TITLE_113,0,0.0,,,,0,0.0,0.0,,0,0.000,0.0,0.0,,,,,0,0.000,0.0,0.0,0.0
2022-01-14 00:00:00-08:00,ASIN_12,TITLE_12,12,299.88,24.99,,,17,424.83,,1625.0,52,13.000,1299.48,324.87,24.99,,,,54,13.500,1349.46,337.365,
2022-01-14 00:00:00-08:00,ASIN_127,TITLE_127,-1,-34.29,34.29,,,0,0.0,0.0,,-3,-0.750,-102.87,-25.7175,34.29,,,,0,0.000,0.0,0.0,0.0
2022-01-14 00:00:00-08:00,ASIN_127,TITLE_127,-1,-34.29,34.29,,,0,0.0,0.0,,-3,-0.750,-102.87,-25.7175,34.29,,,,0,0.000,0.0,0.0,0.0
2022-01-14 00:00:00-08:00,ASIN_129,TITLE_129,0,0.0,,,,3,149.97,,,0,0.000,0.0,0.0,,,,,10,1.428,499.9,71.4143,0.0775
2022-01-14 00:00:00-08:00,ASIN_13,TITLE_13,1,55.36,55.36,,,2,110.72,,,4,1.000,221.44,55.36,55.36,,,,10,2.500,553.6,138.4,
2022-01-14 00:00:00-08:00,ASIN_130,TITLE_130,77,4530.48,58.8374,223.0,0.3453,66,3883.79,,,636,63.600,37405.04,3740.504,58.809,11159.0,1115.900,0.2439,728,72.800,42813.72,4281.372,0.3977
2022-01-14 00:00:00-08:00,ASIN_130,TITLE_130,77,4530.48,58.8374,228.0,0.3377,66,3883.79,,,636,63.600,37405.04,3740.504,58.809,11159.0,1115.900,0.2439,728,72.800,42813.72,4281.372,0.3977
2022-01-14 00:00:00-08:00,ASIN_14,TITLE_14,-1,-30.49,30.49,,,0,0.0,,,2,0.500,60.98,15.245,30.49,,,,4,1.000,121.96,30.49,
2022-01-14 00:00:00-08:00,ASIN_15,TITLE_15,34,829.66,24.4018,,,24,587.76,,,106,26.500,2588.94,647.235,24.4328,215.0,107.500,0.2436,82,20.500,2008.1799999999998,502.045,
2022-01-14 00:00:00-08:00,ASIN_16,TITLE_16,21,524.79,24.99,,,21,524.79,,,147,29.400,3673.5299999999997,734.706,24.99,326.0,108.666,0.3225,189,37.800,4723.11,944.622,
2022-01-14 00:00:00-08:00,ASIN_17,TITLE_17,36,811.08,22.53,138.0,0.2609,43,968.79,,,308,38.500,6939.24,867.405,22.53,1486.0,185.750,0.2153,304,38.000,6849.12,856.14,0.3996
2022-01-14 00:00:00-08:00,ASIN_17,TITLE_17,36,811.08,22.53,202.0,0.1782,43,968.79,,,308,38.500,6939.24,867.405,22.53,1486.0,185.750,0.2153,304,38.000,6849.12,856.14,0.3996
2022-01-14 00:00:00-08:00,ASIN_28,TITLE_28,0,0.0,,,,0,0.0,0.0,,0,0.000,0.0,0.0,,,,,0,0.000,0.0,0.0,0.0
2022-01-14 00:00:00-08:00,ASIN_47,TITLE_47,0,0.0,,,,0,0.0,0.0,,0,0.000,0.0,0.0,,,,,0,0.000,0.0,0.0,0.0
2022-01-14 00:00:00-08:00,ASIN_47,TITLE_47,0,0.0,,,,0,0.0,0.0,,0,0.000,0.0,0.0,,,,,0,0.000,0.0,0.0,0.0
2022-01-14 00:00:00-08:00,ASIN_55,TITLE_55,0,0.0,,,,0,0.0,0.0,,0,0.000,0.0,0.0,,,,,0,0.000,0.0,0.0,0.0
2022-01-14 00:00:00-08:00,ASIN_57,TITLE_57,0,0.0,,,,0,0.0,0.0,,0,0.000,0.0,0.0,,,,,0,0.000,0.0,0.0,0.0
2022-01-14 00:00:00-08:00,ASIN_6,TITLE_6,18,546.66,30.37,,,21,637.77,,2581.0,885,98.333,26877.45,2986.3833,30.37,5551.0,793.000,0.9638,169,18.777,5132.53,570.2811,
2022-01-14 00:00:00-08:00,ASIN_7,TITLE_7,22,2696.1,122.55,86.0,0.2558,19,2327.31,,,44,8.800,5392.2,1078.44,122.55,166.0,83.000,0.2654,55,11.000,6738.02,1347.604,
2022-01-14 00:00:00-08:00,ASIN_77,TITLE_77,25,274.75,10.99,110.0,0.2273,10,109.9,0.512,,75,25.000,824.25,274.75,10.99,324.0,108.000,0.2317,30,10.000,329.70000000000005,109.9,0.512
2022-01-14 00:00:00-08:00,ASIN_8,TITLE_8,44,4527.16,102.89,175.0,0.2514,50,5144.5,,658.0,358,35.800,36987.68,3698.768,105.9512,1453.0,181.625,0.2407,406,40.600,41787.659999999996,4178.766,
2022-01-14 00:00:00-08:00,ASIN_8,TITLE_8,44,4527.16,102.89,190.0,0.2316,50,5144.5,,658.0,358,35.800,36987.68,3698.768,105.9512,1453.0,181.625,0.2407,406,40.600,41787.659999999996,4178.766,
2022-01-14 00:00:00-08:00,ASIN_9,TITLE_9,3,152.85,50.95,,,8,407.6,,1413.0,93,13.285,4738.35,676.9071,50.95,337.0,112.333,0.1547,96,13.714,4891.200000000001,698.7429,
2022-01-15 00:00:00-08:00,ASIN_112,TITLE_112,0,0.0,,,,0,0.0,,,0,0.000,0.0,0.0,,,,,0,0.000,0.0,0.0,0.0
2022-01-15 00:00:00-08:00,ASIN_117,TITLE_117,0,0.0,,,,0,0.0,,,0,0.000,0.0,0.0,,,,,0,0.000,0.0,0.0,0.0
2022-01-15 00:00:00-08:00,ASIN_119,TITLE_119,0,0.0,,,,0,0.0,0.0,,0,0.000,0.0,0.0,,,,,0,0.000,0.0,0.0,0.0
2022-01-15 00:00:00-08:00,ASIN_119,TITLE_119,0,0.0,,,,0,0.0,0.0,,0,0.000,0.0,0.0,,,,,0,0.000,0.0,0.0,0.0
2022-01-15 00:00:00-08:00,ASIN_121,TITLE_121,0,0.0,,,,0,0.0,0.0,,0,0.000,0.0,0.0,,,,,0,0.000,0.0,0.0,0.0
2022-01-15 00:00:00-08:00,ASIN_121,TITLE_121,0,0.0,,,,0,0.0,0.0,,0,0.000,0.0,0.0,,,,,0,0.000,0.0,0.0,0.0
2022-01-15 00:00:00-08:00,ASIN_131,TITLE_131,0,0.0,,,,0,0.0,0.0,,0,0.000,0.0,0.0,,,,,0,0.000,0.0,0.0,0.0
2022-01-15 00:00:00-08:00,ASIN_140,TITLE_140,0,0.0,,,,0,0.0,0.0,,0,0.000,0.0,0.0,,,,,0,0.000,0.0,0.0,0.0
2022-01-15 00:00:00-08:00,ASIN_162,TITLE_162,0,0.0,,,,0,0.0,,,-4,-1.000,-183.96,-45.99,45.99,,,,0,0.000,0.0,0.0,
2022-01-15 00:00:00-08:00,ASIN_170,TITLE_170,0,0.0,,,,0,0.0,,,-1,-0.333,-90.66,-30.22,90.66,,,,0,0.000,0.0,0.0,
2022-01-15 00:00:00-08:00,ASIN_27,TITLE_27,0,0.0,,,,0,0.0,,,0,0.000,0.0,0.0,,,,,0,0.000,0.0,0.0,0.0
2022-01-15 00:00:00-08:00,ASIN_27,TITLE_27,0,0.0,,,,0,0.0,,,0,0.000,0.0,0.0,,,,,0,0.000,0.0,0.0,0.0
2022-01-15 00:00:00-08:00,ASIN_28,TITLE_28,0,0.0,,,,0,0.0,,,0,0.000,0.0,0.0,,,,,0,0.000,0.0,0.0,0.0
2022-01-15 00:00:00-08:00,ASIN_30,TITLE_30,0,0.0,,,,0,0.0,0.0,14690.0,0,0.000,0.0,0.0,,,,,0,0.000,0.0,0.0,0.0
2022-01-15 00:00:00-08:00,ASIN_37,TITLE_37,0,0.0,,,,0,0.0,0.0,,0,0.000,0.0,0.0,,,,,0,0.000,0.0,0.0,0.0
2022-01-15 00:00:00-08:00,ASIN_37,TITLE_37,0,0.0,,,,0,0.0,0.0,,0,0.000,0.0,0.0,,,,,0,0.000,0.0,0.0,0.0
2022-01-15 00:00:00-08:00,ASIN_46,TITLE_46,0,0.0,,,,0,0.0,,,0,0.000,0.0,0.0,,,,,0,0.000,0.0,0.0,0.0
2022-01-15 00:00:00-08:00,ASIN_47,TITLE_47,0,0.0,,,,0,0.0,,,0,0.000,0.0,0.0,,,,,0,0.000,0.0,0.0,0.0
2022-01-15 00:00:00-08:00,ASIN_57,TITLE_57,0,0.0,,,,0,0.0,,,0,0.000,0.0,0.0,,,,,0,0.000,0.0,0.0,0.0
2022-01-15 00:00:00-08:00,ASIN_69,TITLE_69,0,0.0,,,,0,0.0,,,0,0.000,0.0,0.0,,,,,0,0.000,0.0,0.0,0.0
2022-01-15 00:00:00-08:00,ASIN_69,TITLE_69,0,0.0,,,,0,0.0,,,0,0.000,0.0,0.0,,,,,0,0.000,0.0,0.0,0.0
2022-01-15 00:00:00-08:00,ASIN_70,TITLE_70,0,0.0,,,,0,0.0,,,0,0.000,0.0,0.0,,,,,0,0.000,0.0,0.0,0.0
2022-01-15 00:00:00-08:00,ASIN_85,TITLE_85,0,0.0,,,,0,0.0,,,0,0.000,0.0,0.0,,,,,0,0.000,0.0,0.0,0.0
2022-01-15 00:00:00-08:00,ASIN_93,TITLE_93,0,0.0,,,,0,0.0,0.0,,0,0.000,0.0,0.0,,,,,0,0.000,0.0,0.0,0.0
2022-01-16 00:00:00-08:00,ASIN_27,TITLE_27,0,0.0,,,,0,0.0,0.0,,0,0.000,0.0,0.0,,,,,0,0.000,0.0,0.0,0.0
2022-01-16 00:00:00-08:00,ASIN_27,TITLE_27,0,0.0,,,,0,0.0,0.0,,0,0.000,0.0,0.0,,,,,0,0.000,0.0,0.0,0.0
2022-01-16 00:00:00-08:00,ASIN_42,TITLE_42,0,0.0,,,,0,0.0,0.0,,0,0.000,0.0,0.0,,,,,0,0.000,0.0,0.0,0.0
2022-01-16 00:00:00-08:00,ASIN_69,TITLE_69,0,0.0,,,,0,0.0,0.0,,0,0.000,0.0,0.0,,,,,0,0.000,0.0,0.0,0.0
2022-01-16 00:00:00-08:00,ASIN_69,TITLE_69,0,0.0,,,,0,0.0,0.0,,0,0.000,0.0,0.0,,,,,0,0.000,0.0,0.0,0.0
2022-01-16 00:00:00-08:00,ASIN_70,TITLE_70,0,0.0,,,,0,0.0,0.0,,0,0.000,0.0,0.0,,,,,0,0.000,0.0,0.0,0.0
2022-01-16 00:00:00-08:00,ASIN_70,TITLE_70,0,0.0,,,,0,0.0,0.0,,0,0.000,0.0,0.0,,,,,0,0.000,0.0,0.0,0.0
2022-01-17 00:00:00-08:00,ASIN_100,TITLE_100,0,0.0,,,,0,0.0,0.0,,0,0.000,0.0,0.0,,,,,0,0.000,0.0,0.0,0.0
2022-01-17 00:00:00-08:00,ASIN_100,TITLE_100,0,0.0,,,,0,0.0,0.0,,0,0.000,0.0,0.0,,,,,0,0.000,0.0,0.0,0.0
2022-01-17 00:00:00-08:00,ASIN_113,TITLE_113,0,0.0,,,,0,0.0,,,0,0.000,0.0,0.0,,,,,0,0.000,0.0,0.0,0.0
2022-01-17 00:00:00-08:00,ASIN_117,TITLE_117,0,0.0,,,,0,0.0,0.0,,0,0.000,0.0,0.0,,,,,0,0.000,0.0,0.0,0.0
2022-01-17 00:00:00-08:00,ASIN_119,TITLE_119,0,0.0,,,,0,0.0,0.0,,0,0.000,0.0,0.0,,,,,0,0.000,0.0,0.0,0.0
2022-01-17 00:00:00-08:00,ASIN_119,TITLE_119,0,0.0,,,,0,0.0,0.0,,0,0.000,0.0,0.0,,,,,0,0.000,0.0,0.0,0.0
2022-01-17 00:00:00-08:00,ASIN_121,TITLE_121,0,0.0,,,,0,0.0,0.0,,0,0.000,0.0,0.0,,,,,0,0.000,0.0,0.0,0.0
2022-01-17 00:00:00-08:00,ASIN_121,TITLE_121,0,0.0,,,,0,0.0,0.0,,0,0.000,0.0,0.0,,,,,0,0.000,0.0,0.0,0.0
2022-01-17 00:00:00-08:00,ASIN_131,TITLE_131,0,0.0,,,,0,0.0,0.0,,0,0.000,0.0,0.0,,,,,0,0.000,0.0,0.0,0.0
2022-01-17 00:00:00-08:00,ASIN_131,TITLE_131,0,0.0,,,,0,0.0,0.0,,0,0.000,0.0,0.0,,,,,0,0.000,0.0,0.0,0.0
2022-01-17 00:00:00-08:00,ASIN_140,TITLE_140,0,0.0,,,,0,0.0,0.0,,0,0.000,0.0,0.0,,,,,0,0.000,0.0,0.0,0.0
2022-01-17 00:00:00-08:00,ASIN_172,TITLE_172,0,0.0,,,,0,0.0,,,0,0.000,0.0,0.0,,,,,0,0.000,0.0,0.0,
2022-01-17 00:00:00-08:00,ASIN_27,TITLE_27,0,0.0,,,,0,0.0,0.0,,0,0.000,0.0,0.0,,,,,0,0.000,0.0,0.0,0.0
2022-01-17 00:00:00-08:00,ASIN_30,TITLE_30,0,0.0,,,,0,0.0,0.0,14736.0,0,0.000,0.0,0.0,,,,,0,0.000,0.0,0.0,0.0
2022-01-17 00:00:00-08:00,ASIN_37,TITLE_37,0,0.0,,,,0,0.0,0.0,,0,0.000,0.0,0.0,,,,,0,0.000,0.0,0.0,0.0
2022-01-17 00:00:00-08:00,ASIN_44,TITLE_44,0,0.0,,,,0,0.0,,,-4,-0.444,-19.96,-2.2178,4.99,,,,1,0.111,4.99,0.5544,
2022-01-17 00:00:00-08:00,ASIN_45,TITLE_45,0,0.0,,,,0,0.0,0.0,,0,0.000,0.0,0.0,,,,,0,0.000,0.0,0.0,0.0
2022-01-17 00:00:00-08:00,ASIN_45,TITLE_45,0,0.0,,,,0,0.0,0.0,,0,0.000,0.0,0.0,,,,,0,0.000,0.0,0.0,0.0
2022-01-17 00:00:00-08:00,ASIN_46,TITLE_46,0,0.0,,,,0,0.0,0.0,,0,0.000,0.0,0.0,,,,,0,0.000,0.0,0.0,0.0
2022-01-17 00:00:00-08:00,ASIN_47,TITLE_47,0,0.0,,,,0,0.0,0.0,,0,0.000,0.0,0.0,,,,,0,0.000,0.0,0.0,0.0
2022-01-17 00:00:00-08:00,ASIN_52,TITLE_52,0,0.0,,,,0,0.0,0.0,,0,0.000,0.0,0.0,,,,,4,0.400,431.16,43.116,0.0
2022-01-17 00:00:00-08:00,ASIN_52,TITLE_52,0,0.0,,,,0,0.0,0.0,,0,0.000,0.0,0.0,,,,,4,0.400,431.16,43.116,0.0
2022-01-17 00:00:00-08:00,ASIN_54,TITLE_54,0,0.0,,,,0,0.0,0.0,,0,0.000,0.0,0.0,,,,,0,0.000,0.0,0.0,0.0
2022-01-17 00:00:00-08:00,ASIN_54,TITLE_54,0,0.0,,,,0,0.0,0.0,,0,0.000,0.0,0.0,,,,,0,0.000,0.0,0.0,0.0
2022-01-17 00:00:00-08:00,ASIN_55,TITLE_55,0,0.0,,,,0,0.0,0.0,,0,0.000,0.0,0.0,,,,,0,0.000,0.0,0.0,0.0
2022-01-17 00:00:00-08:00,ASIN_56,TITLE_56,0,0.0,,,,0,0.0,0.0,,0,0.000,0.0,0.0,,,,,0,0.000,0.0,0.0,0.0
2022-01-17 00:00:00-08:00,ASIN_56,TITLE_56,0,0.0,,,,0,0.0,0.0,,0,0.000,0.0,0.0,,,,,0,0.000,0.0,0.0,0.0
2022-01-17 00:00:00-08:00,ASIN_69,TITLE_69,0,0.0,,,,0,0.0,0.0,,0,0.000,0.0,0.0,,,,,0,0.000,0.0,0.0,0.0
2022-01-17 00:00:00-08:00,ASIN_70,TITLE_70,0,0.0,,,,0,0.0,0.0,,0,0.000,0.0,0.0,,,,,0,0.000,0.0,0.0,0.0
2022-01-17 00:00:00-08:00,ASIN_85,TITLE_85,0,0.0,,,,0,0.0,,,0,0.000,0.0,0.0,,,,,0,0.000,0.0,0.0,0.0
2022-01-17 00:00:00-08:00,ASIN_93,TITLE_93,0,0.0,,,,0,0.0,0.0,,0,0.000,0.0,0.0,,,,,0,0.000,0.0,0.0,0.0
2022-01-17 00:00:00-08:00,ASIN_94,TITLE_94,0,0.0,,,,0,0.0,0.0,,0,0.000,0.0,0.0,,,,,0,0.000,0.0,0.0,0.0
2022-01-17 00:00:00-08:00,ASIN_94,TITLE_94,0,0.0,,,,0,0.0,0.0,,0,0.000,0.0,0.0,,,,,0,0.000,0.0,0.0,0.0
2022-01-18 00:00:00-08:00,ASIN_112,TITLE_112,0,0.0,,,,0,0.0,,,0,0.000,0.0,0.0,,,,,0,0.000,0.0,0.0,0.0
2022-01-18 00:00:00-08:00,ASIN_113,TITLE_113,0,0.0,,,,0,0.0,0.0,,0,0.000,0.0,0.0,,,,,0,0.000,0.0,0.0,0.0
2022-01-18 00:00:00-08:00,ASIN_166,TITLE_166,0,0.0,,,,0,0.0,0.0,,-2,-0.500,-149.98,-37.495,74.99,,,,6,1.500,449.94,112.485,0.0695
2022-01-18 00:00:00-08:00,ASIN_27,TITLE_27,0,0.0,,,,0,0.0,0.0,,0,0.000,0.0,0.0,,,,,0,0.000,0.0,0.0,0.0
2022-01-18 00:00:00-08:00,ASIN_42,TITLE_42,0,0.0,,,,0,0.0,0.0,,0,0.000,0.0,0.0,,,,,0,0.000,0.0,0.0,0.0
2022-01-18 00:00:00-08:00,ASIN_52,TITLE_52,0,0.0,,,,0,0.0,,,0,0.000,0.0,0.0,,,,,4,0.400,431.16,43.116,0.0
2022-01-18 00:00:00-08:00,ASIN_54,TITLE_54,0,0.0,,,,0,0.0,0.0,,0,0.000,0.0,0.0,,,,,0,0.000,0.0,0.0,0.0
2022-01-18 00:00:00-08:00,ASIN_55,TITLE_55,0,0.0,,,,0,0.0,0.0,,0,0.000,0.0,0.0,,,,,0,0.000,0.0,0.0,0.0
2022-01-18 00:00:00-08:00,ASIN_56,TITLE_56,0,0.0,,,,0,0.0,0.0,,0,0.000,0.0,0.0,,,,,0,0.000,0.0,0.0,0.0
2022-01-18 00:00:00-08:00,ASIN_57,TITLE_57,0,0.0,,,,0,0.0,,,0,0.000,0.0,0.0,,,,,0,0.000,0.0,0.0,0.0
2022-01-18 00:00:00-08:00,ASIN_69,TITLE_69,0,0.0,,,,0,0.0,0.0,,0,0.000,0.0,0.0,,,,,0,0.000,0.0,0.0,0.0
2022-01-18 00:00:00-08:00,ASIN_70,TITLE_70,0,0.0,,,,0,0.0,0.0,,0,0.000,0.0,0.0,,,,,0,0.000,0.0,0.0,0.0
2022-01-18 00:00:00-08:00,ASIN_94,TITLE_94,0,0.0,,,,0,0.0,0.0,,0,0.000,0.0,0.0,,,,,0,0.000,0.0,0.0,0.0
2022-01-19 00:00:00-08:00,ASIN_100,TITLE_100,0,0.0,,,,0,0.0,0.0,,0,0.000,0.0,0.0,,,,,0,0.000,0.0,0.0,0.0
2022-01-19 00:00:00-08:00,ASIN_103,TITLE_103,21,439.74,20.94,136.0,0.1544,16,335.04,,,116,19.333,2429.04,404.84,20.94,3795.0,632.500,0.1388,106,17.666,2219.64,369.94,
2022-01-19 00:00:00-08:00,ASIN_103,TITLE_103,21,439.74,20.94,113.0,0.1858,16,335.04,,,116,19.333,2429.04,404.84,20.94,3795.0,632.500,0.1388,106,17.666,2219.64,369.94,
2022-01-19 00:00:00-08:00,ASIN_104,TITLE_104,25,523.25,20.93,,,19,397.67,,,62,20.666,1297.6599999999999,432.5533,20.93,,,,52,17.333,1088.3600000000001,362.7867,
2022-01-19 00:00:00-08:00,ASIN_105,TITLE_105,-1,-20.94,20.94,,,0,0.0,,,-2,-0.333,-41.88,-6.98,20.94,,,,0,0.000,0.0,0.0,0.0
2022-01-19 00:00:00-08:00,ASIN_106,TITLE_106,14,293.16,20.94,,,10,209.4,,,35,11.666,732.9000000000001,244.3,20.94,,,,29,9.666,607.26,202.42,
2022-01-19 00:00:00-08:00,ASIN_108,TITLE_108,30,293.7,9.79,,,22,215.38,,,88,29.333,861.52,287.1733,9.79,,,,74,24.666,724.46,241.4867,
2022-01-19 00:00:00-08:00,ASIN_112,TITLE_112,0,0.0,,,,0,0.0,,,0,0.000,0.0,0.0,,,,,0,0.000,0.0,0.0,0.0
2022-01-19 00:00:00-08:00,ASIN_113,TITLE_113,0,0.0,,,,0,0.0,,,0,0.000,0.0,0.0,,,,,0,0.000,0.0,0.0,0.0
2022-01-19 00:00:00-08:00,ASIN_117,TITLE_117,0,0.0,,,,0,0.0,0.0,,0,0.000,0.0,0.0,,,,,0,0.000,0.0,0.0,0.0
2022-01-19 00:00:00-08:00,ASIN_118,TITLE_118,6,71.94,11.99,,,10,119.9,,,12,4.000,143.88,47.96,11.99,,,,27,9.000,323.73,107.91,
2022-01-19 00:00:00-08:00,ASIN_119,TITLE_119,0,0.0,,,,0,0.0,,,0,0.000,0.0,0.0,,,,,0,0.000,0.0,0.0,0.0
2022-01-19 00:00:00-08:00,ASIN_121,TITLE_121,0,0.0,,,,0,0.0,,,0,0.000,0.0,0.0,,,,,0,0.000,0.0,0.0,0.0
2022-01-19 00:00:00-08:00,ASIN_125,TITLE_125,11,230.34,20.94,,,15,314.1,,,32,10.666,670.08,223.36,20.94,,,,41,13.666,858.5400000000001,286.18,
2022-01-19 00:00:00-08:00,ASIN_155,TITLE_155,24,492.48,20.52,,,23,471.96,0.3986,,67,22.333,1374.8400000000001,458.28,20.52,2401.0,2401.000,0.0079,67,22.333,1374.84,458.28,0.3986
2022-01-19 00:00:00-08:00,ASIN_167,TITLE_167,9,386.91,42.99,,,5,214.95,,,33,11.000,1418.67,472.89,42.99,113.0,113.000,0.1327,32,10.666,1375.6799999999998,458.56,
2022-01-19 00:00:00-08:00,ASIN_172,TITLE_172,0,0.0,,,,0,0.0,,,0,0.000,0.0,0.0,,,,,0,0.000,0.0,0.0,
2022-01-19 00:00:00-08:00,ASIN_216,TITLE_216,0,0.0,,,,0,0.0,,,0,0.000,0.0,0.0,,,,,0,0.000,0.0,0.0,0.0
2022-01-19 00:00:00-08:00,ASIN_24,TITLE_24,0,0.0,,,,0,0.0,,,0,0.000,0.0,0.0,,,,,0,0.000,0.0,0.0,0.0
2022-01-19 00:00:00-08:00,ASIN_41,TITLE_41,18,359.82,19.99,,,42,839.58,0.4005,,28,4.666,559.72,93.2867,19.99,384.0,128.000,-0.0237,122,20.333,2438.7799999999997,406.4633,0.4005
2022-01-19 00:00:00-08:00,ASIN_44,TITLE_44,0,0.0,,,,0,0.0,,,-4,-0.444,-19.96,-2.2178,4.99,,,,1,0.111,4.99,0.5544,
2022-01-19 00:00:00-08:00,ASIN_44,TITLE_44,-1,-4.99,4.99,,,0,0.0,,,-4,-0.444,-19.96,-2.2178,4.99,,,,1,0.111,4.99,0.5544,
2022-01-19 00:00:00-08:00,ASIN_45,TITLE_45,0,0.0,,,,0,0.0,0.0,,0,0.000,0.0,0.0,,,,,0,0.000,0.0,0.0,0.0
2022-01-19 00:00:00-08:00,ASIN_47,TITLE_47,0,0.0,,,,0,0.0,0.0,,0,0.000,0.0,0.0,,,,,0,0.000,0.0,0.0,0.0
2022-01-19 00:00:00-08:00,ASIN_52,TITLE_52,0,0.0,,,,0,0.0,0.0,,0,0.000,0.0,0.0,,,,,4,0.400,431.16,43.116,0.0
2022-01-19 00:00:00-08:00,ASIN_54,TITLE_54,0,0.0,,,,0,0.0,0.0,,0,0.000,0.0,0.0,,,,,0,0.000,0.0,0.0,0.0
2022-01-19 00:00:00-08:00,ASIN_55,TITLE_55,0,0.0,,,,0,0.0,,,0,0.000,0.0,0.0,,,,,0,0.000,0.0,0.0,0.0
2022-01-19 00:00:00-08:00,ASIN_56,TITLE_56,0,0.0,,,,0,0.0,0.0,,0,0.000,0.0,0.0,,,,,0,0.000,0.0,0.0,0.0
2022-01-19 00:00:00-08:00,ASIN_57,TITLE_57,0,0.0,,,,0,0.0,,,0,0.000,0.0,0.0,,,,,0,0.000,0.0,0.0,0.0
2022-01-19 00:00:00-08:00,ASIN_84,TITLE_84,0,0.0,,,,0,0.0,,,0,0.000,0.0,0.0,,,,,0,0.000,0.0,0.0,0.0
2022-01-19 00:00:00-08:00,ASIN_92,TITLE_92,0,0.0,,,,8,78.92,,,1,0.200,9.99,1.998,9.99,,,,17,3.400,167.83,33.566,0.0
2022-01-19 00:00:00-08:00,ASIN_94,TITLE_94,0,0.0,,,,0,0.0,0.0,,0,0.000,0.0,0.0,,,,,0,0.000,0.0,0.0,0.0
2022-01-20 00:00:00-08:00,ASIN_10,TITLE_10,23,1353.2,58.8348,,,13,764.27,,,70,17.500,4117.360000000001,1029.34,58.8124,,,,52,13.000,3057.08,764.27,
2022-01-20 00:00:00-08:00,ASIN_100,TITLE_100,0,0.0,,,,0,0.0,0.0,,0,0.000,0.0,0.0,,,,,0,0.000,0.0,0.0,0.0
2022-01-20 00:00:00-08:00,ASIN_100,TITLE_100,0,0.0,,,,0,0.0,0.0,,0,0.000,0.0,0.0,,,,,0,0.000,0.0,0.0,0.0
2022-01-20 00:00:00-08:00,ASIN_11,TITLE_11,5,230.59,46.118,,,12,540.84,,,112,18.666,5113.24,852.2067,45.6967,,,,88,14.666,3974.86,662.4767,
2022-01-20 00:00:00-08:00,ASIN_112,TITLE_112,0,0.0,,,,0,0.0,,,0,0.000,0.0,0.0,,,,,0,0.000,0.0,0.0,0.0
2022-01-20 00:00:00-08:00,ASIN_113,TITLE_113,0,0.0,,,,0,0.0,,,0,0.000,0.0,0.0,,,,,0,0.000,0.0,0.0,0.0
2022-01-20 00:00:00-08:00,ASIN_12,TITLE_12,14,349.86,24.99,,,10,249.9,,1605.0,52,13.000,1299.48,324.87,24.99,,,,54,13.500,1349.46,337.365,
2022-01-20 00:00:00-08:00,ASIN_122,TITLE_122,4,509.56,127.39,,,3,382.17,,,8,4.000,1019.12,509.56,127.39,,,,6,3.000,764.34,382.17,0.3752
2022-01-20 00:00:00-08:00,ASIN_123,TITLE_123,1,51.93,51.93,,,4,207.72,,,32,3.200,1661.76,166.176,51.93,,,,40,4.000,2078.1000000000004,207.81,0.3976
2022-01-20 00:00:00-08:00,ASIN_13,TITLE_13,1,55.36,55.36,,,3,166.08,,,4,1.000,221.44,55.36,55.36,,,,10,2.500,553.6,138.4,
2022-01-20 00:00:00-08:00,ASIN_131,TITLE_131,0,0.0,,,,0,0.0,0.0,,0,0.000,0.0,0.0,,,,,0,0.000,0.0,0.0,0.0
2022-01-20 00:00:00-08:00,ASIN_14,TITLE_14,2,60.98,30.49,,,2,60.98,,,2,0.500,60.98,15.245,30.49,,,,4,1.000,121.96,30.49,
2022-01-20 00:00:00-08:00,ASIN_146,TITLE_146,0,0.0,,,,0,0.0,0.0,,0,0.000,0.0,0.0,,,,,0,0.000,0.0,0.0,0.0
2022-01-20 00:00:00-08:00,ASIN_146,TITLE_146,0,0.0,,,,0,0.0,0.0,,0,0.000,0.0,0.0,,,,,0,0.000,0.0,0.0,0.0
2022-01-20 00:00:00-08:00,ASIN_15,TITLE_15,19,464.81,24.4637,,,17,416.33,,902.0,106,26.500,2588.94,647.235,24.4328,215.0,107.500,0.2436,82,20.500,2008.1799999999998,502.045,
2022-01-20 00:00:00-08:00,ASIN_16,TITLE_16,35,874.65,24.99,106.0,0.3302,49,1224.51,,,147,29.400,3673.5299999999997,734.706,24.99,326.0,108.666,0.3225,189,37.800,4723.11,944.622,
2022-01-20 00:00:00-08:00,ASIN_16,TITLE_16,35,874.65,24.99,114.0,0.3070,49,1224.51,,,147,29.400,3673.5299999999997,734.706,24.99,326.0,108.666,0.3225,189,37.800,4723.11,944.622,
2022-01-20 00:00:00-08:00,ASIN_166,TITLE_166,0,0.0,,,,0,0.0,0.0,,-2,-0.500,-149.98,-37.495,74.99,,,,6,1.500,449.94,112.485,0.0695
2022-01-20 00:00:00-08:00,ASIN_17,TITLE_17,41,923.73,22.53,210.0,0.1952,33,743.49,,,308,38.500,6939.24,867.405,22.53,1486.0,185.750,0.2153,304,38.000,6849.12,856.14,0.3996
2022-01-20 00:00:00-08:00,ASIN_17,TITLE_17,41,923.73,22.53,259.0,0.1583,33,743.49,,,308,38.500,6939.24,867.405,22.53,1486.0,185.750,0.2153,304,38.000,6849.12,856.14,0.3996
2022-01-20 00:00:00-08:00,ASIN_176,TITLE_176,0,0.0,,,,0,0.0,,,0,0.000,0.0,0.0,,,,,0,0.000,0.0,0.0,
2022-01-20 00:00:00-08:00,ASIN_18,TITLE_18,19,472.81,24.8847,,,21,524.79,,,38,19.000,945.62,472.81,24.8847,,,,42,21.000,1049.58,524.79,0.4033
2022-01-20 00:00:00-08:00,ASIN_19,TITLE_19,41,2412.51,58.8417,,,30,1766.35,,9601.0,82,41.000,4825.02,2412.51,58.8417,,,,60,30.000,3532.7,1766.35,0.3858
2022-01-20 00:00:00-08:00,ASIN_20,TITLE_20,9,278.91,30.99,,,11,340.89,,,18,9.000,557.82,278.91,30.99,,,,22,11.000,681.78,340.89,0.4168
2022-01-20 00:00:00-08:00,ASIN_21,TITLE_21,29,653.37,22.53,254.0,0.1142,29,653.37,,,116,29.000,2613.48,653.37,22.53,1100.0,275.000,0.1063,116,29.000,2613.48,653.37,0.4082
2022-01-20 00:00:00-08:00,ASIN_21,TITLE_21,29,653.37,22.53,277.0,0.1047,29,653.37,,,116,29.000,2613.48,653.37,22.53,1100.0,275.000,0.1063,116,29.000,2613.48,653.37,0.4082
2022-01-20 00:00:00-08:00,ASIN_22,TITLE_22,-9,-573.21,63.69,,,70,4458.3,,5668.0,-18,-9.000,-1146.42,-573.21,63.69,,,,140,70.000,8916.6,4458.3,0.3515
2022-01-20 00:00:00-08:00,ASIN_23,TITLE_23,109,3417.15,31.35,397.0,0.2746,100,3135.0,,,820,102.500,25707.0,3213.375,31.35,2787.0,348.375,0.3000,784,98.000,24578.4,3072.3,0.3886
2022-01-20 00:00:00-08:00,ASIN_23,TITLE_23,109,3417.15,31.35,425.0,0.2565,100,3135.0,,,820,102.500,25707.0,3213.375,31.35,2787.0,348.375,0.3000,784,98.000,24578.4,3072.3,0.3886
2022-01-20 00:00:00-08:00,ASIN_25,TITLE_25,0,0.0,,,,8,509.52,,,0,0.000,0.0,0.0,,,,,16,4.000,1019.04,254.76,0.4101
2022-01-20 00:00:00-08:00,ASIN_45,TITLE_45,0,0.0,,,,0,0.0,0.0,,0,0.000,0.0,0.0,,,,,0,0.000,0.0,0.0,0.0
2022-01-20 00:00:00-08:00,ASIN_45,TITLE_45,0,0.0,,,,0,0.0,0.0,,0,0.000,0.0,0.0,,,,,0,0.000,0.0,0.0,0.0
2022-01-20 00:00:00-08:00,ASIN_52,TITLE_52,0,0.0,,,,0,0.0,,,0,0.000,0.0,0.0,,,,,4,0.400,431.16,43.116,0.0
2022-01-20 00:00:00-08:00,ASIN_54,TITLE_54,0,0.0,,,,0,0.0,0.0,,0,0.000,0.0,0.0,,,,,0,0.000,0.0,0.0,0.0
2022-01-20 00:00:00-08:00,ASIN_54,TITLE_54,0,0.0,,,,0,0.0,0.0,,0,0.000,0.0,0.0,,,,,0,0.000,0.0,0.0,0.0
2022-01-20 00:00:00-08:00,ASIN_55,TITLE_55,0,0.0,,,,0,0.0,,,0,0.000,0.0,0.0,,,,,0,0.000,0.0,0.0,0.0
2022-01-20 00:00:00-08:00,ASIN_56,TITLE_56,0,0.0,,,,0,0.0,0.0,,0,0.000,0.0,0.0,,,,,0,0.000,0.0,0.0,0.0
2022-01-20 00:00:00-08:00,ASIN_57,TITLE_57,0,0.0,,,,0,0.0,,,0,0.000,0.0,0.0,,,,,0,0.000,0.0,0.0,0.0
2022-01-20 00:00:00-08:00,ASIN_8,TITLE_8,43,4424.27,102.89,212.0,0.2028,35,3597.72,,,358,35.800,36987.68,3698.768,105.9512,1453.0,181.625,0.2407,406,40.600,41787.659999999996,4178.766,
2022-01-20 00:00:00-08:00,ASIN_8,TITLE_8,43,4424.27,102.89,180.0,0.2389,35,3597.72,,,358,35.800,36987.68,3698.768,105.9512,1453.0,181.625,0.2407,406,40.600,41787.659999999996,4178.766,
2022-01-20 00:00:00-08:00,ASIN_9,TITLE_9,18,917.1,50.95,,,13,662.35,,1334.0,93,13.285,4738.35,676.9071,50.95,337.0,112.333,0.1547,96,13.714,4891.200000000001,698.7429,
2022-01-20 00:00:00-08:00,ASIN_94,TITLE_94,0,0.0,,,,0,0.0,0.0,,0,0.000,0.0,0.0,,,,,0,0.000,0.0,0.0,0.0
2022-01-20 00:00:00-08:00,ASIN_94,TITLE_94,0,0.0,,,,0,0.0,0.0,,0,0.000,0.0,0.0,,,,,0,0.000,0.0,0.0,0.0
2022-01-20 00:00:00-08:00,ASIN_94,TITLE_94,0,0.0,,,,0,0.0,0.0,,0,0.000,0.0,0.0,,,,,0,0.000,0.0,0.0,0.0
2022-01-20 00:00:00-08:00,ASIN_94,TITLE_94,0,0.0,,,,0,0.0,0.0,,0,0.000,0.0,0.0,,,,,0,0.000,0.0,0.0,0.0
2022-01-21 00:00:00-08:00,ASIN_103,TITLE_103,21,439.74,20.94,136.0,0.1544,16,335.04,,,116,19.333,2429.04,404.84,20.94,3795.0,632.500,0.1388,106,17.666,2219.64,369.94,
2022-01-21 00:00:00-08:00,ASIN_103,TITLE_103,21,439.74,20.94,102.0,0.2059,16,335.04,,,116,19.333,2429.04,404.84,20.94,3795.0,632.500,0.1388,106,17.666,2219.64,369.94,
2022-01-21 00:00:00-08:00,ASIN_104,TITLE_104,25,523.25,20.93,,,19,397.67,,,62,20.666,1297.6599999999999,432.5533,20.93,,,,52,17.333,1088.3600000000001,362.7867,
2022-01-21 00:00:00-08:00,ASIN_105,TITLE_105,-1,-20.94,20.94,,,0,0.0,0.0,,-2,-0.333,-41.88,-6.98,20.94,,,,0,0.000,0.0,0.0,0.0
2022-01-21 00:00:00-08:00,ASIN_106,TITLE_106,14,293.16,20.94,,,10,209.4,,,35,11.666,732.9000000000001,244.3,20.94,,,,29,9.666,607.26,202.42,
2022-01-21 00:00:00-08:00,ASIN_108,TITLE_108,30,293.7,9.79,,,22,215.38,,,88,29.333,861.52,287.1733,9.79,,,,74,24.666,724.46,241.4867,
2022-01-21 00:00:00-08:00,ASIN_112,TITLE_112,0,0.0,,,,0,0.0,0.0,,0,0.000,0.0,0.0,,,,,0,0.000,0.0,0.0,0.0
2022-01-21 00:00:00-08:00,ASIN_118,TITLE_118,6,71.94,11.99,,,10,119.9,,,12,4.000,143.88,47.96,11.99,,,,27,9.000,323.73,107.91,
2022-01-21 00:00:00-08:00,ASIN_125,TITLE_125,11,230.34,20.94,,,15,314.1,,,32,10.666,670.08,223.36,20.94,,,,41,13.666,858.5400000000001,286.18,
2022-01-21 00:00:00-08:00,ASIN_155,TITLE_155,24,492.48,20.52,,,23,471.96,0.3986,,67,22.333,1374.8400000000001,458.28,20.52,2401.0,2401.000,0.0079,67,22.333,1374.84,458.28,0.3986
2022-01-21 00:00:00-08:00,ASIN_167,TITLE_167,9,386.91,42.99,,,5,214.95,,,33,11.000,1418.67,472.89,42.99,113.0,113.000,0.1327,32,10.666,1375.6799999999998,458.56,
2022-01-21 00:00:00-08:00,ASIN_182,TITLE_182,0,0.0,,,,0,0.0,,,0,0.000,0.0,0.0,,,,,0,0.000,0.0,0.0,
2022-01-21 00:00:00-08:00,ASIN_216,TITLE_216,0,0.0,,,,0,0.0,,,0,0.000,0.0,0.0,,,,,0,0.000,0.0,0.0,0.0
2022-01-21 00:00:00-08:00,ASIN_24,TITLE_24,0,0.0,,,,0,0.0,0.0,,0,0.000,0.0,0.0,,,,,0,0.000,0.0,0.0,0.0
2022-01-21 00:00:00-08:00,ASIN_24,TITLE_24,0,0.0,,,,0,0.0,0.0,,0,0.000,0.0,0.0,,,,,0,0.000,0.0,0.0,0.0
2022-01-21 00:00:00-08:00,ASIN_41,TITLE_41,18,359.82,19.99,,,42,839.58,0.4005,,28,4.666,559.72,93.2867,19.99,384.0,128.000,-0.0237,122,20.333,2438.7799999999997,406.4633,0.4005
2022-01-21 00:00:00-08:00,ASIN_44,TITLE_44,-1,-4.99,4.99,,,0,0.0,,,-4,-0.444,-19.96,-2.2178,4.99,,,,1,0.111,4.99,0.5544,
2022-01-21 00:00:00-08:00,ASIN_47,TITLE_47,0,0.0,,,,0,0.0,0.0,,0,0.000,0.0,0.0,,,,,0,0.000,0.0,0.0,0.0
2022-01-21 00:00:00-08:00,ASIN_57,TITLE_57,0,0.0,,,,0,0.0,0.0,,0,0.000,0.0,0.0,,,,,0,0.000,0.0,0.0,0.0
2022-01-21 00:00:00-08:00,ASIN_73,TITLE_73,0,0.0,,,,0,0.0,,,0,0.000,0.0,0.0,,,,,0,0.000,0.0,0.0,0.0
2022-01-21 00:00:00-08:00,ASIN_74,TITLE_74,0,0.0,,,,0,0.0,,,0,0.000,0.0,0.0,,,,,0,0.000,0.0,0.0,0.0
2022-01-21 00:00:00-08:00,ASIN_84,TITLE_84,0,0.0,,,,0,0.0,0.0,,0,0.000,0.0,0.0,,,,,0,0.000,0.0,0.0,0.0
2022-01-21 00:00:00-08:00,ASIN_84,TITLE_84,0,0.0,,,,0,0.0,0.0,,0,0.000,0.0,0.0,,,,,0,0.000,0.0,0.0,0.0
2022-01-21 00:00:00-08:00,ASIN_92,TITLE_92,0,0.0,,,,8,78.92,,,1,0.200,9.99,1.998,9.99,,,,17,3.400,167.83,33.566,0.0
2022-01-22 00:00:00-08:00,ASIN_10,TITLE_10,23,1353.2,58.8348,,,13,764.27,,,70,17.500,4117.360000000001,1029.34,58.8124,,,,52,13.000,3057.08,764.27,
2022-01-22 00:00:00-08:00,ASIN_100,TITLE_100,0,0.0,,,,0,0.0,0.0,,0,0.000,0.0,0.0,,,,,0,0.000,0.0,0.0,0.0
2022-01-22 00:00:00-08:00,ASIN_11,TITLE_11,5,230.59,46.118,,,12,540.84,,,112,18.666,5113.24,852.2067,45.6967,,,,88,14.666,3974.86,662.4767,
2022-01-22 00:00:00-08:00,ASIN_115,TITLE_115,0,0.0,,,,0,0.0,,,-4,-0.333,-23.96,-1.9967,5.99,,,,0,0.000,0.0,0.0,0.0
2022-01-22 00:00:00-08:00,ASIN_119,TITLE_119,0,0.0,,,,0,0.0,0.0,,0,0.000,0.0,0.0,,,,,0,0.000,0.0,0.0,0.0
2022-01-22 00:00:00-08:00,ASIN_12,TITLE_12,14,349.86,24.99,,,10,249.9,,1618.0,52,13.000,1299.48,324.87,24.99,,,,54,13.500,1349.46,337.365,
2022-01-22 00:00:00-08:00,ASIN_121,TITLE_121,0,0.0,,,,0,0.0,0.0,,0,0.000,0.0,0.0,,,,,0,0.000,0.0,0.0,0.0
2022-01-22 00:00:00-08:00,ASIN_122,TITLE_122,4,509.56,127.39,,,3,382.17,0.3752,,8,4.000,1019.12,509.56,127.39,,,,6,3.000,764.34,382.17,0.3752
2022-01-22 00:00:00-08:00,ASIN_123,TITLE_123,1,51.93,51.93,,,4,207.72,0.405,,32,3.200,1661.76,166.176,51.93,,,,40,4.000,2078.1000000000004,207.81,0.3976
2022-01-22 00:00:00-08:00,ASIN_13,TITLE_13,1,55.36,55.36,,,3,166.08,,,4,1.000,221.44,55.36,55.36,,,,10,2.500,553.6,138.4,
2022-01-22 00:00:00-08:00,ASIN_131,TITLE_131,0,0.0,,,,0,0.0,,,0,0.000,0.0,0.0,,,,,0,0.000,0.0,0.0,0.0
2022-01-22 00:00:00-08:00,ASIN_14,TITLE_14,2,60.98,30.49,,,2,60.98,,,2,0.500,60.98,15.245,30.49,,,,4,1.000,121.96,30.49,
2022-01-22 00:00:00-08:00,ASIN_146,TITLE_146,0,0.0,,,,0,0.0,0.0,,0,0.000,0.0,0.0,,,,,0,0.000,0.0,0.0,0.0
2022-01-22 00:00:00-08:00,ASIN_15,TITLE_15,19,464.81,24.4637,102.0,0.1863,17,416.33,,1016.0,106,26.500,2588.94,647.235,24.4328,215.0,107.500,0.2436,82,20.500,2008.1799999999998,502.045,
2022-01-22 00:00:00-08:00,ASIN_16,TITLE_16,35,874.65,24.99,106.0,0.3302,49,1224.51,,,147,29.400,3673.5299999999997,734.706,24.99,326.0,108.666,0.3225,189,37.800,4723.11,944.622,
2022-01-22 00:00:00-08:00,ASIN_17,TITLE_17,41,923.73,22.53,188.0,0.2181,33,743.49,0.3996,,308,38.500,6939.24,867.405,22.53,1486.0,185.750,0.2153,304,38.000,6849.12,856.14,0.3996
2022-01-22 00:00:00-08:00,ASIN_17,TITLE_17,41,923.73,22.53,210.0,0.1952,33,743.49,0.3996,,308,38.500,6939.24,867.405,22.53,1486.0,185.750,0.2153,304,38.000,6849.12,856.14,0.3996
2022-01-22 00:00:00-08:00,ASIN_176,TITLE_176,0,0.0,,,,0,0.0,,,0,0.000,0.0,0.0,,,,,0,0.000,0.0,0.0,
2022-01-22 00:00:00-08:00,ASIN_18,TITLE_18,19,472.81,24.8847,,,21,524.79,0.4033,,38,19.000,945.62,472.81,24.8847,,,,42,21.000,1049.58,524.79,0.4033
2022-01-22 00:00:00-08:00,ASIN_183,TITLE_183,0,0.0,,,,0,0.0,,,0,0.000,0.0,0.0,,,,,0,0.000,0.0,0.0,
2022-01-22 00:00:00-08:00,ASIN_19,TITLE_19,41,2412.51,58.8417,,,30,1766.35,0.3858,9367.0,82,41.000,4825.02,2412.51,58.8417,,,,60,30.000,3532.7,1766.35,0.3858
2022-01-22 00:00:00-08:00,ASIN_20,TITLE_20,9,278.91,30.99,,,11,340.89,0.4168,,18,9.000,557.82,278.91,30.99,,,,22,11.000,681.78,340.89,0.4168
2022-01-22 00:00:00-08:00,ASIN_21,TITLE_21,29,653.37,22.53,254.0,0.1142,29,653.37,0.4082,,116,29.000,2613.48,653.37,22.53,1100.0,275.000,0.1063,116,29.000,2613.48,653.37,0.4082
2022-01-22 00:00:00-08:00,ASIN_21,TITLE_21,29,653.37,22.53,315.0,0.0921,29,653.37,0.4082,,116,29.000,2613.48,653.37,22.53,1100.0,275.000,0.1063,116,29.000,2613.48,653.37,0.4082
2022-01-22 00:00:00-08:00,ASIN_22,TITLE_22,-9,-573.21,63.69,,,70,4458.3,0.3515,5735.0,-18,-9.000,-1146.42,-573.21,63.69,,,,140,70.000,8916.6,4458.3,0.3515
2022-01-22 00:00:00-08:00,ASIN_23,TITLE_23,109,3417.15,31.35,425.0,0.2565,100,3135.0,0.3886,,820,102.500,25707.0,3213.375,31.35,2787.0,348.375,0.3000,784,98.000,24578.4,3072.3,0.3886
2022-01-22 00:00:00-08:00,ASIN_23,TITLE_23,109,3417.15,31.35,381.0,0.2861,100,3135.0,0.3886,,820,102.500,25707.0,3213.375,31.35,2787.0,348.375,0.3000,784,98.000,24578.4,3072.3,0.3886
2022-01-22 00:00:00-08:00,ASIN_25,TITLE_25,0,0.0,,,,8,509.52,,,0,0.000,0.0,0.0,,,,,16,4.000,1019.04,254.76,0.4101
2022-01-22 00:00:00-08:00,ASIN_37,TITLE_37,0,0.0,,,,0,0.0,0.0,,0,0.000,0.0,0.0,,,,,0,0.000,0.0,0.0,0.0
2022-01-22 00:00:00-08:00,ASIN_45,TITLE_45,0,0.0,,,,0,0.0,0.0,,0,0.000,0.0,0.0,,,,,0,0.000,0.0,0.0,0.0
2022-01-22 00:00:00-08:00,ASIN_63,TITLE_63,0,0.0,,,,0,0.0,,,0,0.000,0.0,0.0,,,,,0,0.000,0.0,0.0,0.0
2022-01-22 00:00:00-08:00,ASIN_8,TITLE_8,43,4424.27,102.89,174.0,0.2471,35,3597.72,,,358,35.800,36987.68,3698.768,105.9512,1453.0,181.625,0.2407,406,40.600,41787.659999999996,4178.766,
2022-01-22 00:00:00-08:00,ASIN_8,TITLE_8,43,4424.27,102.89,180.0,0.2389,35,3597.72,,,358,35.800,36987.68,3698.768,105.9512,1453.0,181.625,0.2407,406,40.600,41787.659999999996,4178.766,
2022-01-22 00:00:00-08:00,ASIN_9,TITLE_9,18,917.1,50.95,,,13,662.35,,1291.0,93,13.285,4738.35,676.9071,50.95,337.0,112.333,0.1547,96,13.714,4891.200000000001,698.7429,
2022-01-22 00:00:00-08:00,ASIN_94,TITLE_94,0,0.0,,,,0,0.0,0.0,,0,0.000,0.0,0.0,,,,,0,0.000,0.0,0.0,0.0
2022-01-23 00:00:00-08:00,ASIN_182,TITLE_182,0,0.0,,,,0,0.0,,,0,0.000,0.0,0.0,,,,,0,0.000,0.0,0.0,
2022-01-23 00:00:00-08:00,ASIN_217,TITLE_217,0,0.0,,,,0,0.0,,,0,0.000,0.0,0.0,,,,,0,0.000,0.0,0.0,
2022-01-23 00:00:00-08:00,ASIN_24,TITLE_24,0,0.0,,,,0,0.0,0.0,,0,0.000,0.0,0.0,,,,,0,0.000,0.0,0.0,0.0
2022-01-23 00:00:00-08:00,ASIN_46,TITLE_46,0,0.0,,,,0,0.0,,,0,0.000,0.0,0.0,,,,,0,0.000,0.0,0.0,0.0
2022-01-23 00:00:00-08:00,ASIN_57,TITLE_57,0,0.0,,,,0,0.0,0.0,,0,0.000,0.0,0.0,,,,,0,0.000,0.0,0.0,0.0
2022-01-23 00:00:00-08:00,ASIN_73,TITLE_73,0,0.0,,,,0,0.0,0.0,,0,0.000,0.0,0.0,,,,,0,0.000,0.0,0.0,0.0
2022-01-23 00:00:00-08:00,ASIN_74,TITLE_74,0,0.0,,,,0,0.0,0.0,,0,0.000,0.0,0.0,,,,,0,0.000,0.0,0.0,0.0
2022-01-23 00:00:00-08:00,ASIN_84,TITLE_84,0,0.0,,,,0,0.0,0.0,,0,0.000,0.0,0.0,,,,,0,0.000,0.0,0.0,0.0
2022-01-23 00:00:00-08:00,ASIN_85,TITLE_85,0,0.0,,,,0,0.0,,,0,0.000,0.0,0.0,,,,,0,0.000,0.0,0.0,0.0
2022-01-24 00:00:00-08:00,ASIN_115,TITLE_115,0,0.0,,,,0,0.0,,,-4,-0.333,-23.96,-1.9967,5.99,,,,0,0.000,0.0,0.0,0.0
2022-01-24 00:00:00-08:00,ASIN_115,TITLE_115,0,0.0,,,,0,0.0,,,-4,-0.333,-23.96,-1.9967,5.99,,,,0,0.000,0.0,0.0,0.0
2022-01-24 00:00:00-08:00,ASIN_119,TITLE_119,0,0.0,,,,0,0.0,,,0,0.000,0.0,0.0,,,,,0,0.000,0.0,0.0,0.0
2022-01-24 00:00:00-08:00,ASIN_121,TITLE_121,0,0.0,,,,0,0.0,,,0,0.000,0.0,0.0,,,,,0,0.000,0.0,0.0,0.0
2022-01-24 00:00:00-08:00,ASIN_183,TITLE_183,0,0.0,,,,0,0.0,,,0,0.000,0.0,0.0,,,,,0,0.000,0.0,0.0,
2022-01-24 00:00:00-08:00,ASIN_37,TITLE_37,0,0.0,,,,0,0.0,,,0,0.000,0.0,0.0,,,,,0,0.000,0.0,0.0,0.0
2022-01-24 00:00:00-08:00,ASIN_63,TITLE_63,0,0.0,,,,0,0.0,,,0,0.000,0.0,0.0,,,,,0,0.000,0.0,0.0,0.0
2022-01-24 00:00:00-08:00,ASIN_63,TITLE_63,0,0.0,,,,0,0.0,,,0,0.000,0.0,0.0,,,,,0,0.000,0.0,0.0,0.0
2022-01-24 00:00:00-08:00,ASIN_66,TITLE_66,0,0.0,,,,0,0.0,,,0,0.000,0.0,0.0,,,,,0,0.000,0.0,0.0,0.0
2022-01-25 00:00:00-08:00,ASIN_119,TITLE_119,0,0.0,,,,0,0.0,,,0,0.000,0.0,0.0,,,,,0,0.000,0.0,0.0,0.0
2022-01-25 00:00:00-08:00,ASIN_121,TITLE_121,0,0.0,,,,0,0.0,,,0,0.000,0.0,0.0,,,,,0,0.000,0.0,0.0,0.0
2022-01-25 00:00:00-08:00,ASIN_217,TITLE_217,0,0.0,,,,0,0.0,,,0,0.000,0.0,0.0,,,,,0,0.000,0.0,0.0,
2022-01-25 00:00:00-08:00,ASIN_46,TITLE_46,0,0.0,,,,0,0.0,,,0,0.000,0.0,0.0,,,,,0,0.000,0.0,0.0,0.0
2022-01-25 00:00:00-08:00,ASIN_57,TITLE_57,0,0.0,,,,0,0.0,,,0,0.000,0.0,0.0,,,,,0,0.000,0.0,0.0,0.0
2022-01-25 00:00:00-08:00,ASIN_85,TITLE_85,0,0.0,,,,0,0.0,,,0,0.000,0.0,0.0,,,,,0,0.000,0.0,0.0,0.0
2022-01-26 00:00:00-08:00,ASIN_101,TITLE_101,29,1307.03,45.07,121.0,0.2397,30,1352.1,,,116,29.000,5228.12,1307.03,45.07,451.0,112.750,0.2589,120,30.000,5408.4,1352.1,
2022-01-26 00:00:00-08:00,ASIN_101,TITLE_101,29,1307.03,45.07,116.0,0.2500,30,1352.1,,,116,29.000,5228.12,1307.03,45.07,451.0,112.750,0.2589,120,30.000,5408.4,1352.1,
2022-01-26 00:00:00-08:00,ASIN_102,TITLE_102,44,1592.8,36.2,164.0,0.2683,51,1846.52,,,292,36.500,10570.4,1321.3,36.2,1073.0,134.125,0.2757,288,36.000,10427.48,1303.435,
2022-01-26 00:00:00-08:00,ASIN_102,TITLE_102,44,1592.8,36.2,174.0,0.2529,51,1846.52,,,292,36.500,10570.4,1321.3,36.2,1073.0,134.125,0.2757,288,36.000,10427.48,1303.435,
2022-01-26 00:00:00-08:00,ASIN_115,TITLE_115,0,0.0,,,,0,0.0,0.0,,-4,-0.333,-23.96,-1.9967,5.99,,,,0,0.000,0.0,0.0,0.0
2022-01-26 00:00:00-08:00,ASIN_129,TITLE_129,0,0.0,,,,0,0.0,0.0,,0,0.000,0.0,0.0,,,,,10,1.428,499.9,71.4143,0.0775
2022-01-26 00:00:00-08:00,ASIN_129,TITLE_129,0,0.0,,,,0,0.0,0.0,,0,0.000,0.0,0.0,,,,,10,1.428,499.9,71.4143,0.0775
2022-01-26 00:00:00-08:00,ASIN_197,TITLE_197,0,0.0,,,,0,0.0,,,0,0.000,0.0,0.0,,,,,0,0.000,0.0,0.0,
2022-01-26 00:00:00-08:00,ASIN_35,TITLE_35,-4,-286.48,71.62,177.0,-0.0226,65,4698.52,,,68,11.333,5009.72,834.9533,72.8442,1198.0,199.666,0.0580,322,53.666,23506.480000000003,3917.7467,
2022-01-26 00:00:00-08:00,ASIN_36,TITLE_36,16,1192.64,74.54,,,10,745.4,,,52,8.666,3876.0800000000004,646.0133,74.54,,,,38,6.333,2832.52,472.0867,
2022-01-26 00:00:00-08:00,ASIN_38,TITLE_38,139,12251.37,88.1394,374.0,0.3717,119,10493.28,,,852,106.500,75084.12000000001,9385.515,88.1215,2736.0,342.000,0.3070,716,89.500,63083.399999999994,7885.425,
2022-01-26 00:00:00-08:00,ASIN_38,TITLE_38,139,12251.37,88.1394,339.0,0.4100,119,10493.28,,,852,106.500,75084.12000000001,9385.515,88.1215,2736.0,342.000,0.3070,716,89.500,63083.399999999994,7885.425,
2022-01-26 00:00:00-08:00,ASIN_63,TITLE_63,0,0.0,,,,0,0.0,0.0,,0,0.000,0.0,0.0,,,,,0,0.000,0.0,0.0,0.0
2022-01-26 00:00:00-08:00,ASIN_66,TITLE_66,0,0.0,,,,0,0.0,0.0,,0,0.000,0.0,0.0,,,,,0,0.000,0.0,0.0,0.0
2022-01-27 00:00:00-08:00,ASIN_110,TITLE_110,0,0.0,,,,0,0.0,,,0,0.000,0.0,0.0,,,,,0,0.000,0.0,0.0,0.2324
2022-01-27 00:00:00-08:00,ASIN_117,TITLE_117,0,0.0,,,,0,0.0,,,0,0.000,0.0,0.0,,,,,0,0.000,0.0,0.0,0.0
2022-01-27 00:00:00-08:00,ASIN_119,TITLE_119,0,0.0,,,,0,0.0,,,0,0.000,0.0,0.0,,,,,0,0.000,0.0,0.0,0.0
2022-01-27 00:00:00-08:00,ASIN_121,TITLE_121,0,0.0,,,,0,0.0,,,0,0.000,0.0,0.0,,,,,0,0.000,0.0,0.0,0.0
2022-01-27 00:00:00-08:00,ASIN_138,TITLE_138,0,0.0,,,,0,0.0,0.0,,0,0.000,0.0,0.0,,,,,0,0.000,0.0,0.0,0.0
2022-01-27 00:00:00-08:00,ASIN_140,TITLE_140,0,0.0,,,,0,0.0,,,0,0.000,0.0,0.0,,,,,0,0.000,0.0,0.0,0.0
2022-01-27 00:00:00-08:00,ASIN_190,TITLE_190,0,0.0,,,,0,0.0,0.0,,0,0.000,0.0,0.0,,,,,0,0.000,0.0,0.0,0.0
2022-01-27 00:00:00-08:00,ASIN_30,TITLE_30,0,0.0,,,,0,0.0,,14742.0,0,0.000,0.0,0.0,,,,,0,0.000,0.0,0.0,0.0
2022-01-27 00:00:00-08:00,ASIN_93,TITLE_93,0,0.0,,,,0,0.0,,,0,0.000,0.0,0.0,,,,,0,0.000,0.0,0.0,0.0
2022-01-28 00:00:00-08:00,ASIN_101,TITLE_101,29,1307.03,45.07,98.0,0.2959,30,1352.1,,,116,29.000,5228.12,1307.03,45.07,451.0,112.750,0.2589,120,30.000,5408.4,1352.1,
2022-01-28 00:00:00-08:00,ASIN_101,TITLE_101,29,1307.03,45.07,116.0,0.2500,30,1352.1,,,116,29.000,5228.12,1307.03,45.07,451.0,112.750,0.2589,120,30.000,5408.4,1352.1,
2022-01-28 00:00:00-08:00,ASIN_102,TITLE_102,44,1592.8,36.2,174.0,0.2529,51,1846.52,,,292,36.500,10570.4,1321.3,36.2,1073.0,134.125,0.2757,288,36.000,10427.48,1303.435,
2022-01-28 00:00:00-08:00,ASIN_102,TITLE_102,44,1592.8,36.2,110.0,0.4000,51,1846.52,,,292,36.500,10570.4,1321.3,36.2,1073.0,134.125,0.2757,288,36.000,10427.48,1303.435,
2022-01-28 00:00:00-08:00,ASIN_128,TITLE_128,0,0.0,,,,0,0.0,0.0,,0,0.000,0.0,0.0,,,,,0,0.000,0.0,0.0,0.0
2022-01-28 00:00:00-08:00,ASIN_129,TITLE_129,0,0.0,,,,0,0.0,0.0,,0,0.000,0.0,0.0,,,,,10,1.428,499.9,71.4143,0.0775
2022-01-28 00:00:00-08:00,ASIN_140,TITLE_140,0,0.0,,,,0,0.0,,,0,0.000,0.0,0.0,,,,,0,0.000,0.0,0.0,0.0
2022-01-28 00:00:00-08:00,ASIN_173,TITLE_173,0,0.0,,,,0,0.0,,,0,0.000,0.0,0.0,,,,,0,0.000,0.0,0.0,
2022-01-28 00:00:00-08:00,ASIN_197,TITLE_197,0,0.0,,,,0,0.0,,,0,0.000,0.0,0.0,,,,,0,0.000,0.0,0.0,
2022-01-28 00:00:00-08:00,ASIN_213,TITLE_213,0,0.0,,,,0,0.0,,,0,0.000,0.0,0.0,,,,,0,0.000,0.0,0.0,0.0
2022-01-28 00:00:00-08:00,ASIN_30,TITLE_30,0,0.0,,,,0,0.0,,14766.0,0,0.000,0.0,0.0,,,,,0,0.000,0.0,0.0,0.0
2022-01-28 00:00:00-08:00,ASIN_34,TITLE_34,0,0.0,,,,0,0.0,,,0,0.000,0.0,0.0,,,,,0,0.000,0.0,0.0,0.0
2022-01-28 00:00:00-08:00,ASIN_35,TITLE_35,-4,-286.48,71.62,221.0,-0.0181,65,4698.52,,,68,11.333,5009.72,834.9533,72.8442,1198.0,199.666,0.0580,322,53.666,23506.480000000003,3917.7467,
2022-01-28 00:00:00-08:00,ASIN_36,TITLE_36,16,1192.64,74.54,,,10,745.4,,,52,8.666,3876.0800000000004,646.0133,74.54,,,,38,6.333,2832.52,472.0867,
2022-01-28 00:00:00-08:00,ASIN_38,TITLE_38,139,12251.37,88.1394,374.0,0.3717,119,10493.28,,,852,106.500,75084.12000000001,9385.515,88.1215,2736.0,342.000,0.3070,716,89.500,63083.399999999994,7885.425,
2022-01-28 00:00:00-08:00,ASIN_38,TITLE_38,139,12251.37,88.1394,369.0,0.3767,119,10493.28,,,852,106.500,75084.12000000001,9385.515,88.1215,2736.0,342.000,0.3070,716,89.500,63083.399999999994,7885.425,
2022-01-28 00:00:00-08:00,ASIN_47,TITLE_47,0,0.0,,,,0,0.0,0.0,,0,0.000,0.0,0.0,,,,,0,0.000,0.0,0.0,0.0
2022-01-28 00:00:00-08:00,ASIN_63,TITLE_63,0,0.0,,,,0,0.0,0.0,,0,0.000,0.0,0.0,,,,,0,0.000,0.0,0.0,0.0
2022-01-28 00:00:00-08:00,ASIN_66,TITLE_66,0,0.0,,,,0,0.0,0.0,,0,0.000,0.0,0.0,,,,,0,0.000,0.0,0.0,0.0
2022-01-28 00:00:00-08:00,ASIN_74,TITLE_74,0,0.0,,,,0,0.0,,,0,0.000,0.0,0.0,,,,,0,0.000,0.0,0.0,0.0
2022-01-28 00:00:00-08:00,ASIN_93,TITLE_93,0,0.0,,,,0,0.0,,,0,0.000,0.0,0.0,,,,,0,0.000,0.0,0.0,0.0
2022-01-29 00:00:00-08:00,ASIN_110,TITLE_110,0,0.0,,,,0,0.0,0.2324,,0,0.000,0.0,0.0,,,,,0,0.000,0.0,0.0,0.2324
2022-01-29 00:00:00-08:00,ASIN_112,TITLE_112,0,0.0,,,,0,0.0,0.0,,0,0.000,0.0,0.0,,,,,0,0.000,0.0,0.0,0.0
2022-01-29 00:00:00-08:00,ASIN_117,TITLE_117,0,0.0,,,,0,0.0,0.0,,0,0.000,0.0,0.0,,,,,0,0.000,0.0,0.0,0.0
2022-01-29 00:00:00-08:00,ASIN_123,TITLE_123,0,0.0,,,,0,0.0,,,32,3.200,1661.76,166.176,51.93,,,,40,4.000,2078.1000000000004,207.81,0.3976
2022-01-29 00:00:00-08:00,ASIN_138,TITLE_138,0,0.0,,,,0,0.0,0.0,,0,0.000,0.0,0.0,,,,,0,0.000,0.0,0.0,0.0
2022-01-29 00:00:00-08:00,ASIN_138,TITLE_138,0,0.0,,,,0,0.0,0.0,,0,0.000,0.0,0.0,,,,,0,0.000,0.0,0.0,0.0
2022-01-29 00:00:00-08:00,ASIN_140,TITLE_140,0,0.0,,,,0,0.0,0.0,,0,0.000,0.0,0.0,,,,,0,0.000,0.0,0.0,0.0
2022-01-29 00:00:00-08:00,ASIN_190,TITLE_190,0,0.0,,,,0,0.0,0.0,,0,0.000,0.0,0.0,,,,,0,0.000,0.0,0.0,0.0
2022-01-29 00:00:00-08:00,ASIN_28,TITLE_28,0,0.0,,,,0,0.0,0.0,,0,0.000,0.0,0.0,,,,,0,0.000,0.0,0.0,0.0
2022-01-29 00:00:00-08:00,ASIN_30,TITLE_30,0,0.0,,,,0,0.0,,14765.0,0,0.000,0.0,0.0,,,,,0,0.000,0.0,0.0,0.0
2022-01-29 00:00:00-08:00,ASIN_46,TITLE_46,0,0.0,,,,0,0.0,0.0,,0,0.000,0.0,0.0,,,,,0,0.000,0.0,0.0,0.0
2022-01-29 00:00:00-08:00,ASIN_57,TITLE_57,0,0.0,,,,0,0.0,0.0,,0,0.000,0.0,0.0,,,,,0,0.000,0.0,0.0,0.0
2022-01-29 00:00:00-08:00,ASIN_85,TITLE_85,0,0.0,,,,0,0.0,0.0,,0,0.000,0.0,0.0,,,,,0,0.000,0.0,0.0,0.0
2022-01-29 00:00:00-08:00,ASIN_93,TITLE_93,0,0.0,,,,0,0.0,0.0,,0,0.000,0.0,0.0,,,,,0,0.000,0.0,0.0,0.0
2022-01-30 00:00:00-08:00,ASIN_11,TITLE_11,33,1514.77,45.9021,,,7,319.84,,,112,18.666,5113.24,852.2067,45.6967,,,,88,14.666,3974.86,662.4767,
2022-01-30 00:00:00-08:00,ASIN_112,TITLE_112,0,0.0,,,,0,0.0,,,0,0.000,0.0,0.0,,,,,0,0.000,0.0,0.0,0.0
2022-01-30 00:00:00-08:00,ASIN_114,TITLE_114,41,3014.77,73.531,155.0,0.2645,38,2793.98,,,694,115.666,51200.22,8533.37,73.6377,938.0,187.600,0.4125,990,165.000,72888.48,12148.08,
2022-01-30 00:00:00-08:00,ASIN_114,TITLE_114,41,3014.77,73.531,179.0,0.2291,38,2793.98,,,694,115.666,51200.22,8533.37,73.6377,938.0,187.600,0.4125,990,165.000,72888.48,12148.08,
2022-01-30 00:00:00-08:00,ASIN_123,TITLE_123,0,0.0,,,,0,0.0,0.3902,,32,3.200,1661.76,166.176,51.93,,,,40,4.000,2078.1000000000004,207.81,0.3976
2022-01-30 00:00:00-08:00,ASIN_128,TITLE_128,0,0.0,,,,0,0.0,,,0,0.000,0.0,0.0,,,,,0,0.000,0.0,0.0,0.0
2022-01-30 00:00:00-08:00,ASIN_130,TITLE_130,53,3115.87,58.79,229.0,0.2314,84,4938.36,,,636,63.600,37405.04,3740.504,58.809,11159.0,1115.900,0.2439,728,72.800,42813.72,4281.372,0.3977
2022-01-30 00:00:00-08:00,ASIN_130,TITLE_130,53,3115.87,58.79,304.0,0.1743,84,4938.36,,,636,63.600,37405.04,3740.504,58.809,11159.0,1115.900,0.2439,728,72.800,42813.72,4281.372,0.3977
2022-01-30 00:00:00-08:00,ASIN_140,TITLE_140,0,0.0,,,,0,0.0,0.0,,0,0.000,0.0,0.0,,,,,0,0.000,0.0,0.0,0.0
2022-01-30 00:00:00-08:00,ASIN_143,TITLE_143,21,491.4,23.4,,,25,584.95,,,42,21.000,982.8,491.4,23.4,,,,50,25.000,1169.9,584.95,
2022-01-30 00:00:00-08:00,ASIN_144,TITLE_144,2,48.98,24.49,,,4,97.96,,,4,2.000,97.96,48.98,24.49,,,,8,4.000,195.92,97.96,
2022-01-30 00:00:00-08:00,ASIN_166,TITLE_166,-1,-74.99,74.99,,,3,224.97,,,-2,-0.500,-149.98,-37.495,74.99,,,,6,1.500,449.94,112.485,0.0695
2022-01-30 00:00:00-08:00,ASIN_173,TITLE_173,0,0.0,,,,0,0.0,,,0,0.000,0.0,0.0,,,,,0,0.000,0.0,0.0,
2022-01-30 00:00:00-08:00,ASIN_213,TITLE_213,0,0.0,,,,0,0.0,,,0,0.000,0.0,0.0,,,,,0,0.000,0.0,0.0,0.0
2022-01-30 00:00:00-08:00,ASIN_28,TITLE_28,0,0.0,,,,0,0.0,,,0,0.000,0.0,0.0,,,,,0,0.000,0.0,0.0,0.0
2022-01-30 00:00:00-08:00,ASIN_30,TITLE_30,0,0.0,,,,0,0.0,,14765.0,0,0.000,0.0,0.0,,,,,0,0.000,0.0,0.0,0.0
2022-01-30 00:00:00-08:00,ASIN_34,TITLE_34,0,0.0,,,,0,0.0,0.0,,0,0.000,0.0,0.0,,,,,0,0.000,0.0,0.0,0.0
2022-01-30 00:00:00-08:00,ASIN_34,TITLE_34,0,0.0,,,,0,0.0,0.0,,0,0.000,0.0,0.0,,,,,0,0.000,0.0,0.0,0.0
2022-01-30 00:00:00-08:00,ASIN_47,TITLE_47,0,0.0,,,,0,0.0,0.0,,0,0.000,0.0,0.0,,,,,0,0.000,0.0,0.0,0.0
2022-01-30 00:00:00-08:00,ASIN_57,TITLE_57,0,0.0,,,,0,0.0,,,0,0.000,0.0,0.0,,,,,0,0.000,0.0,0.0,0.0
2022-01-30 00:00:00-08:00,ASIN_6,TITLE_6,267,8108.79,30.37,113.0,2.3628,29,880.73,,2364.0,885,98.333,26877.45,2986.3833,30.37,5551.0,793.000,0.9638,169,18.777,5132.53,570.2811,
2022-01-30 00:00:00-08:00,ASIN_63,TITLE_63,0,0.0,,,,0,0.0,,,0,0.000,0.0,0.0,,,,,0,0.000,0.0,0.0,0.0
2022-01-30 00:00:00-08:00,ASIN_66,TITLE_66,0,0.0,,,,0,0.0,,,0,0.000,0.0,0.0,,,,,0,0.000,0.0,0.0,0.0
2022-01-30 00:00:00-08:00,ASIN_7,TITLE_7,0,0.0,,,,6,734.94,,,44,8.800,5392.2,1078.44,122.55,166.0,83.000,0.2654,55,11.000,6738.02,1347.604,
2022-01-30 00:00:00-08:00,ASIN_74,TITLE_74,0,0.0,,,,0,0.0,,,0,0.000,0.0,0.0,,,,,0,0.000,0.0,0.0,0.0
2022-01-30 00:00:00-08:00,ASIN_8,TITLE_8,5,590.98,118.196,,,33,3409.39,,,358,35.800,36987.68,3698.768,105.9512,1453.0,181.625,0.2407,406,40.600,41787.659999999996,4178.766,
2022-01-30 00:00:00-08:00,ASIN_9,TITLE_9,17,866.15,50.95,100.0,0.1700,18,917.1,,1116.0,93,13.285,4738.35,676.9071,50.95,337.0,112.333,0.1547,96,13.714,4891.200000000001,698.7429,
2022-01-30 00:00:00-08:00,ASIN_90,TITLE_90,2,47.76,23.88,,,5,119.4,,,4,2.000,95.52,47.76,23.88,,,,10,5.000,238.8,119.4,
2022-01-30 00:00:00-08:00,ASIN_93,TITLE_93,0,0.0,,,,0,0.0,0.0,,0,0.000,0.0,0.0,,,,,0,0.000,0.0,0.0,0.0
2022-01-30 00:00:00-08:00,ASIN_95,TITLE_95,102,1018.98,9.99,296.0,0.3446,110,1098.9,,,408,102.000,4075.92,1018.98,9.99,1489.0,372.250,0.2785,440,110.000,4395.6,1098.9,
2022-01-30 00:00:00-08:00,ASIN_95,TITLE_95,102,1018.98,9.99,399.0,0.2556,110,1098.9,,,408,102.000,4075.92,1018.98,9.99,1489.0,372.250,0.2785,440,110.000,4395.6,1098.9,
2022-01-30 00:00:00-08:00,ASIN_96,TITLE_96,15,357.75,23.85,,,16,381.66,,,30,15.000,715.5,357.75,23.85,,,,32,16.000,763.32,381.66,
2022-01-30 00:00:00-08:00,ASIN_97,TITLE_97,1,23.88,23.88,,,5,119.4,,,2,1.000,47.76,23.88,23.88,,,,10,5.000,238.8,119.4,
2022-01-30 00:00:00-08:00,ASIN_98,TITLE_98,5,117.02,23.404,,,6,140.39,,,10,5.000,234.04,117.02,23.404,,,,12,6.000,280.78,140.39,
2022-01-31 00:00:00-08:00,ASIN_112,TITLE_112,0,0.0,,,,0,0.0,,,0,0.000,0.0,0.0,,,,,0,0.000,0.0,0.0,0.0
2022-01-31 00:00:00-08:00,ASIN_113,TITLE_113,0,0.0,,,,0,0.0,0.0,,0,0.000,0.0,0.0,,,,,0,0.000,0.0,0.0,0.0
2022-01-31 00:00:00-08:00,ASIN_119,TITLE_119,0,0.0,,,,0,0.0,,,0,0.000,0.0,0.0,,,,,0,0.000,0.0,0.0,0.0
2022-01-31 00:00:00-08:00,ASIN_121,TITLE_121,0,0.0,,,,0,0.0,,,0,0.000,0.0,0.0,,,,,0,0.000,0.0,0.0,0.0
2022-01-31 00:00:00-08:00,ASIN_123,TITLE_123,0,0.0,,,,0,0.0,,,32,3.200,1661.76,166.176,51.93,,,,40,4.000,2078.1000000000004,207.81,0.3976
2022-01-31 00:00:00-08:00,ASIN_123,TITLE_123,0,0.0,,,,0,0.0,,,32,3.200,1661.76,166.176,51.93,,,,40,4.000,2078.1000000000004,207.81,0.3976
2022-01-31 00:00:00-08:00,ASIN_151,TITLE_151,-2,-139.98,69.99,,,0,0.0,,,-4,-1.333,-279.96,-93.32,69.99,,,,0,0.000,0.0,0.0,
2022-01-31 00:00:00-08:00,ASIN_200,TITLE_200,0,0.0,,,,0,0.0,,,4,0.666,71.96,11.9933,17.99,,,,2,0.333,35.98,5.9967,0.2086
2022-01-31 00:00:00-08:00,ASIN_204,TITLE_204,0,0.0,,,,0,0.0,,,0,0.000,0.0,0.0,,,,,0,0.000,0.0,0.0,
2022-01-31 00:00:00-08:00,ASIN_28,TITLE_28,0,0.0,,,,0,0.0,,,0,0.000,0.0,0.0,,,,,0,0.000,0.0,0.0,0.0
2022-01-31 00:00:00-08:00,ASIN_39,TITLE_39,13,974.87,74.99,84.0,0.1548,9,674.91,,,39,13.000,2924.61,974.87,74.99,290.0,96.666,0.1358,26,8.666,1949.7399999999998,649.9133,
2022-01-31 00:00:00-08:00,ASIN_40,TITLE_40,0,0.0,,,,0,0.0,0.0,,0,0.000,0.0,0.0,,,,,0,0.000,0.0,0.0,0.0
2022-01-31 00:00:00-08:00,ASIN_41,TITLE_41,-3,-59.97,19.99,117.0,-0.0256,11,219.89,,,28,4.666,559.72,93.2867,19.99,384.0,128.000,-0.0237,122,20.333,2438.7799999999997,406.4633,0.4005
2022-01-31 00:00:00-08:00,ASIN_44,TITLE_44,-1,-4.99,4.99,,,0,0.0,,,-4,-0.444,-19.96,-2.2178,4.99,,,,1,0.111,4.99,0.5544,
2022-01-31 00:00:00-08:00,ASIN_46,TITLE_46,0,0.0,,,,0,0.0,,,0,0.000,0.0,0.0,,,,,0,0.000,0.0,0.0,0.0
2022-01-31 00:00:00-08:00,ASIN_55,TITLE_55,0,0.0,,,,0,0.0,,,0,0.000,0.0,0.0,,,,,0,0.000,0.0,0.0,0.0
2022-01-31 00:00:00-08:00,ASIN_57,TITLE_57,0,0.0,,,,0,0.0,,,0,0.000,0.0,0.0,,,,,0,0.000,0.0,0.0,0.0
2022-01-31 00:00:00-08:00,ASIN_57,TITLE_57,0,0.0,,,,0,0.0,,,0,0.000,0.0,0.0,,,,,0,0.000,0.0,0.0,0.0
2022-01-31 00:00:00-08:00,ASIN_67,TITLE_67,10,799.9,79.99,,,1,79.99,,,46,9.200,3679.54,735.908,79.99,,,,10,2.000,799.8999999999999,159.98,
2022-01-31 00:00:00-08:00,ASIN_71,TITLE_71,21,249.87,11.8986,,,25,294.95,0.0,,74,24.666,881.74,293.9133,11.9116,,,,94,31.333,1114.82,371.6067,0.0
2022-01-31 00:00:00-08:00,ASIN_72,TITLE_72,10,117.5,11.75,,,11,129.25,0.4885,,20,10.000,235.0,117.5,11.75,,,,22,11.000,258.5,129.25,0.4885
2022-01-31 00:00:00-08:00,ASIN_73,TITLE_73,0,0.0,,,,0,0.0,0.0,,0,0.000,0.0,0.0,,,,,0,0.000,0.0,0.0,0.0
2022-01-31 00:00:00-08:00,ASIN_74,TITLE_74,0,0.0,,,,0,0.0,0.0,,0,0.000,0.0,0.0,,,,,0,0.000,0.0,0.0,0.0
2022-01-31 00:00:00-08:00,ASIN_75,TITLE_75,7,59.43,8.49,,,6,50.94,,,14,7.000,118.86,59.43,8.49,,,,12,6.000,101.88,50.94,
2022-01-31 00:00:00-08:00,ASIN_85,TITLE_85,0,0.0,,,,0,0.0,,,0,0.000,0.0,0.0,,,,,0,0.000,0.0,0.0,0.0
2022-02-01 00:00:00-08:00,ASIN_100,TITLE_100,0,0.0,,,,0,0.0,0.0,,0,0.000,0.0,0.0,,,,,0,0.000,0.0,0.0,0.0
2022-02-01 00:00:00-08:00,ASIN_11,TITLE_11,33,1514.77,45.9021,,,7,319.84,,,112,18.666,5113.24,852.2067,45.6967,,,,88,14.666,3974.86,662.4767,
2022-02-01 00:00:00-08:00,ASIN_112,TITLE_112,0,0.0,,,,0,0.0,0.0,,0,0.000,0.0,0.0,,,,,0,0.000,0.0,0.0,0.0
2022-02-01 00:00:00-08:00,ASIN_113,TITLE_113,0,0.0,,,,0,0.0,,,0,0.000,0.0,0.0,,,,,0,0.000,0.0,0.0,0.0
2022-02-01 00:00:00-08:00,ASIN_114,TITLE_114,41,3014.77,73.531,179.0,0.2291,38,2793.98,,,694,115.666,51200.22,8533.37,73.6377,938.0,187.600,0.4125,990,165.000,72888.48,12148.08,
2022-02-01 00:00:00-08:00,ASIN_114,TITLE_114,41,3014.77,73.531,189.0,0.2169,38,2793.98,,,694,115.666,51200.22,8533.37,73.6377,938.0,187.600,0.4125,990,165.000,72888.48,12148.08,
2022-02-01 00:00:00-08:00,ASIN_123,TITLE_123,0,0.0,,,,0,0.0,,,32,3.200,1661.76,166.176,51.93,,,,40,4.000,2078.1000000000004,207.81,0.3976
2022-02-01 00:00:00-08:00,ASIN_128,TITLE_128,0,0.0,,,,0,0.0,,,0,0.000,0.0,0.0,,,,,0,0.000,0.0,0.0,0.0
2022-02-01 00:00:00-08:00,ASIN_130,TITLE_130,53,3115.87,58.79,315.0,0.1683,84,4938.36,,,636,63.600,37405.04,3740.504,58.809,11159.0,1115.900,0.2439,728,72.800,42813.72,4281.372,0.3977
2022-02-01 00:00:00-08:00,ASIN_130,TITLE_130,53,3115.87,58.79,304.0,0.1743,84,4938.36,,,636,63.600,37405.04,3740.504,58.809,11159.0,1115.900,0.2439,728,72.800,42813.72,4281.372,0.3977
2022-02-01 00:00:00-08:00,ASIN_143,TITLE_143,21,491.4,23.4,,,25,584.95,,,42,21.000,982.8,491.4,23.4,,,,50,25.000,1169.9,584.95,
2022-02-01 00:00:00-08:00,ASIN_144,TITLE_144,2,48.98,24.49,,,4,97.96,,,4,2.000,97.96,48.98,24.49,,,,8,4.000,195.92,97.96,
2022-02-01 00:00:00-08:00,ASIN_153,TITLE_153,0,0.0,,,,0,0.0,,,0,0.000,0.0,0.0,,,,,0,0.000,0.0,0.0,
2022-02-01 00:00:00-08:00,ASIN_166,TITLE_166,-1,-74.99,74.99,,,3,224.97,0.2085,,-2,-0.500,-149.98,-37.495,74.99,,,,6,1.500,449.94,112.485,0.0695
2022-02-01 00:00:00-08:00,ASIN_200,TITLE_200,1,17.99,17.99,,,1,17.99,,,4,0.666,71.96,11.9933,17.99,,,,2,0.333,35.98,5.9967,0.2086
2022-02-01 00:00:00-08:00,ASIN_207,TITLE_207,3,44.97,14.99,,,4,44.97,,,6,1.000,89.94,14.99,14.99,,,,10,1.666,119.86000000000001,19.9767,
2022-02-01 00:00:00-08:00,ASIN_218,TITLE_218,1,35.88,35.88,,,1,0.0,,,14,2.800,502.32000000000005,100.464,35.88,,,,14,2.800,430.56,86.112,0.0
2022-02-01 00:00:00-08:00,ASIN_220,TITLE_220,1,27.99,27.99,,,0,0.0,,,2,1.000,55.98,27.99,27.99,,,,0,0.000,0.0,0.0,
2022-02-01 00:00:00-08:00,ASIN_28,TITLE_28,0,0.0,,,,0,0.0,0.0,,0,0.000,0.0,0.0,,,,,0,0.000,0.0,0.0,0.0
2022-02-01 00:00:00-08:00,ASIN_34,TITLE_34,0,0.0,,,,0,0.0,0.0,,0,0.000,0.0,0.0,,,,,0,0.000,0.0,0.0,0.0
2022-02-01 00:00:00-08:00,ASIN_45,TITLE_45,0,0.0,,,,0,0.0,0.0,,0,0.000,0.0,0.0,,,,,0,0.000,0.0,0.0,0.0
2022-02-01 00:00:00-08:00,ASIN_47,TITLE_47,0,0.0,,,,0,0.0,0.0,,0,0.000,0.0,0.0,,,,,0,0.000,0.0,0.0,0.0
2022-02-01 00:00:00-08:00,ASIN_47,TITLE_47,0,0.0,,,,0,0.0,0.0,,0,0.000,0.0,0.0,,,,,0,0.000,0.0,0.0,0.0
2022-02-01 00:00:00-08:00,ASIN_55,TITLE_55,0,0.0,,,,0,0.0,,,0,0.000,0.0,0.0,,,,,0,0.000,0.0,0.0,0.0
2022-02-01 00:00:00-08:00,ASIN_57,TITLE_57,0,0.0,,,,0,0.0,0.0,,0,0.000,0.0,0.0,,,,,0,0.000,0.0,0.0,0.0
2022-02-01 00:00:00-08:00,ASIN_6,TITLE_6,267,8108.79,30.37,113.0,2.3628,29,880.73,,2337.0,885,98.333,26877.45,2986.3833,30.37,5551.0,793.000,0.9638,169,18.777,5132.53,570.2811,
2022-02-01 00:00:00-08:00,ASIN_6,TITLE_6,267,8108.79,30.37,147.0,1.8163,29,880.73,,2337.0,885,98.333,26877.45,2986.3833,30.37,5551.0,793.000,0.9638,169,18.777,5132.53,570.2811,
2022-02-01 00:00:00-08:00,ASIN_7,TITLE_7,0,0.0,,,,6,734.94,,,44,8.800,5392.2,1078.44,122.55,166.0,83.000,0.2654,55,11.000,6738.02,1347.604,
2022-02-01 00:00:00-08:00,ASIN_8,TITLE_8,5,590.98,118.196,,,33,3409.39,,,358,35.800,36987.68,3698.768,105.9512,1453.0,181.625,0.2407,406,40.600,41787.659999999996,4178.766,
2022-02-01 00:00:00-08:00,ASIN_9,TITLE_9,17,866.15,50.95,100.0,0.1700,18,917.1,,1072.0,93,13.285,4738.35,676.9071,50.95,337.0,112.333,0.1547,96,13.714,4891.200000000001,698.7429,
2022-02-01 00:00:00-08:00,ASIN_9,TITLE_9,17,866.15,50.95,137.0,0.1241,18,917.1,,1072.0,93,13.285,4738.35,676.9071,50.95,337.0,112.333,0.1547,96,13.714,4891.200000000001,698.7429,
2022-02-01 00:00:00-08:00,ASIN_90,TITLE_90,2,47.76,23.88,,,5,119.4,,,4,2.000,95.52,47.76,23.88,,,,10,5.000,238.8,119.4,
2022-02-01 00:00:00-08:00,ASIN_94,TITLE_94,0,0.0,,,,0,0.0,,,0,0.000,0.0,0.0,,,,,0,0.000,0.0,0.0,0.0
2022-02-01 00:00:00-08:00,ASIN_95,TITLE_95,102,1018.98,9.99,395.0,0.2582,110,1098.9,,,408,102.000,4075.92,1018.98,9.99,1489.0,372.250,0.2785,440,110.000,4395.6,1098.9,
2022-02-01 00:00:00-08:00,ASIN_95,TITLE_95,102,1018.98,9.99,399.0,0.2556,110,1098.9,,,408,102.000,4075.92,1018.98,9.99,1489.0,372.250,0.2785,440,110.000,4395.6,1098.9,
2022-02-01 00:00:00-08:00,ASIN_96,TITLE_96,15,357.75,23.85,,,16,381.66,,,30,15.000,715.5,357.75,23.85,,,,32,16.000,763.32,381.66,
2022-02-01 00:00:00-08:00,ASIN_97,TITLE_97,1,23.88,23.88,,,5,119.4,,,2,1.000,47.76,23.88,23.88,,,,10,5.000,238.8,119.4,
2022-02-01 00:00:00-08:00,ASIN_98,TITLE_98,5,117.02,23.404,,,6,140.39,,,10,5.000,234.04,117.02,23.404,,,,12,6.000,280.78,140.39,
2022-02-02 00:00:00-08:00,ASIN_113,TITLE_113,0,0.0,,,,0,0.0,0.0,,0,0.000,0.0,0.0,,,,,0,0.000,0.0,0.0,0.0
2022-02-02 00:00:00-08:00,ASIN_117,TITLE_117,0,0.0,,,,0,0.0,0.0,,0,0.000,0.0,0.0,,,,,0,0.000,0.0,0.0,0.0
2022-02-02 00:00:00-08:00,ASIN_119,TITLE_119,0,0.0,,,,0,0.0,,,0,0.000,0.0,0.0,,,,,0,0.000,0.0,0.0,0.0
2022-02-02 00:00:00-08:00,ASIN_119,TITLE_119,0,0.0,,,,0,0.0,,,0,0.000,0.0,0.0,,,,,0,0.000,0.0,0.0,0.0
2022-02-02 00:00:00-08:00,ASIN_121,TITLE_121,0,0.0,,,,0,0.0,,,0,0.000,0.0,0.0,,,,,0,0.000,0.0,0.0,0.0
2022-02-02 00:00:00-08:00,ASIN_121,TITLE_121,0,0.0,,,,0,0.0,,,0,0.000,0.0,0.0,,,,,0,0.000,0.0,0.0,0.0
2022-02-02 00:00:00-08:00,ASIN_123,TITLE_123,0,0.0,,,,0,0.0,,,32,3.200,1661.76,166.176,51.93,,,,40,4.000,2078.1000000000004,207.81,0.3976
2022-02-02 00:00:00-08:00,ASIN_140,TITLE_140,0,0.0,,,,0,0.0,0.0,,0,0.000,0.0,0.0,,,,,0,0.000,0.0,0.0,0.0
2022-02-02 00:00:00-08:00,ASIN_151,TITLE_151,-2,-139.98,69.99,,,0,0.0,,,-4,-1.333,-279.96,-93.32,69.99,,,,0,0.000,0.0,0.0,
2022-02-02 00:00:00-08:00,ASIN_159,TITLE_159,0,0.0,,,,0,0.0,0.0,,0,0.000,0.0,0.0,,,,,0,0.000,0.0,0.0,0.0
2022-02-02 00:00:00-08:00,ASIN_173,TITLE_173,0,0.0,,,,0,0.0,,,0,0.000,0.0,0.0,,,,,0,0.000,0.0,0.0,
2022-02-02 00:00:00-08:00,ASIN_193,TITLE_193,0,0.0,,,,0,0.0,0.0,,2,0.333,71.76,11.96,35.88,,,,4,0.666,143.52,23.92,0.0
2022-02-02 00:00:00-08:00,ASIN_200,TITLE_200,0,0.0,,,,0,0.0,0.0,,4,0.666,71.96,11.9933,17.99,,,,2,0.333,35.98,5.9967,0.2086
2022-02-02 00:00:00-08:00,ASIN_204,TITLE_204,0,0.0,,,,0,0.0,,,0,0.000,0.0,0.0,,,,,0,0.000,0.0,0.0,
2022-02-02 00:00:00-08:00,ASIN_25,TITLE_25,0,0.0,,,,0,0.0,0.4101,,0,0.000,0.0,0.0,,,,,16,4.000,1019.04,254.76,0.4101
2022-02-02 00:00:00-08:00,ASIN_29,TITLE_29,0,0.0,,,,0,0.0,,,0,0.000,0.0,0.0,,,,,0,0.000,0.0,0.0,0.0
2022-02-02 00:00:00-08:00,ASIN_30,TITLE_30,0,0.0,,,,0,0.0,,14766.0,0,0.000,0.0,0.0,,,,,0,0.000,0.0,0.0,0.0
2022-02-02 00:00:00-08:00,ASIN_39,TITLE_39,13,974.87,74.99,105.0,0.1238,9,674.91,,,39,13.000,2924.61,974.87,74.99,290.0,96.666,0.1358,26,8.666,1949.7399999999998,649.9133,
2022-02-02 00:00:00-08:00,ASIN_40,TITLE_40,0,0.0,,,,0,0.0,0.0,,0,0.000,0.0,0.0,,,,,0,0.000,0.0,0.0,0.0
2022-02-02 00:00:00-08:00,ASIN_41,TITLE_41,-3,-59.97,19.99,150.0,-0.0200,11,219.89,,,28,4.666,559.72,93.2867,19.99,384.0,128.000,-0.0237,122,20.333,2438.7799999999997,406.4633,0.4005
2022-02-02 00:00:00-08:00,ASIN_41,TITLE_41,-3,-59.97,19.99,117.0,-0.0256,11,219.89,,,28,4.666,559.72,93.2867,19.99,384.0,128.000,-0.0237,122,20.333,2438.7799999999997,406.4633,0.4005
2022-02-02 00:00:00-08:00,ASIN_44,TITLE_44,0,0.0,,,,0,0.0,,,-4,-0.444,-19.96,-2.2178,4.99,,,,1,0.111,4.99,0.5544,
2022-02-02 00:00:00-08:00,ASIN_44,TITLE_44,-1,-4.99,4.99,,,0,0.0,,,-4,-0.444,-19.96,-2.2178,4.99,,,,1,0.111,4.99,0.5544,
2022-02-02 00:00:00-08:00,ASIN_52,TITLE_52,0,0.0,,,,0,0.0,0.0,,0,0.000,0.0,0.0,,,,,4,0.400,431.16,43.116,0.0
2022-02-02 00:00:00-08:00,ASIN_54,TITLE_54,0,0.0,,,,0,0.0,0.0,,0,0.000,0.0,0.0,,,,,0,0.000,0.0,0.0,0.0
2022-02-02 00:00:00-08:00,ASIN_55,TITLE_55,0,0.0,,,,0,0.0,0.0,,0,0.000,0.0,0.0,,,,,0,0.000,0.0,0.0,0.0
2022-02-02 00:00:00-08:00,ASIN_56,TITLE_56,0,0.0,,,,0,0.0,0.0,,0,0.000,0.0,0.0,,,,,0,0.000,0.0,0.0,0.0
2022-02-02 00:00:00-08:00,ASIN_57,TITLE_57,0,0.0,,,,0,0.0,,,0,0.000,0.0,0.0,,,,,0,0.000,0.0,0.0,0.0
2022-02-02 00:00:00-08:00,ASIN_67,TITLE_67,10,799.9,79.99,,,1,79.99,,,46,9.200,3679.54,735.908,79.99,,,,10,2.000,799.8999999999999,159.98,
2022-02-02 00:00:00-08:00,ASIN_71,TITLE_71,21,249.87,11.8986,,,25,294.95,,,74,24.666,881.74,293.9133,11.9116,,,,94,31.333,1114.82,371.6067,0.0
2022-02-02 00:00:00-08:00,ASIN_72,TITLE_72,10,117.5,11.75,,,11,129.25,,,20,10.000,235.0,117.5,11.75,,,,22,11.000,258.5,129.25,0.4885
2022-02-02 00:00:00-08:00,ASIN_73,TITLE_73,0,0.0,,,,0,0.0,0.0,,0,0.000,0.0,0.0,,,,,0,0.000,0.0,0.0,0.0
2022-02-02 00:00:00-08:00,ASIN_74,TITLE_74,0,0.0,,,,0,0.0,0.0,,0,0.000,0.0,0.0,,,,,0,0.000,0.0,0.0,0.0
2022-02-02 00:00:00-08:00,ASIN_75,TITLE_75,7,59.43,8.49,,,6,50.94,,,14,7.000,118.86,59.43,8.49,,,,12,6.000,101.88,50.94,
2022-02-03 00:00:00-08:00,ASIN_100,TITLE_100,0,0.0,,,,0,0.0,0.0,,0,0.000,0.0,0.0,,,,,0,0.000,0.0,0.0,0.0
2022-02-03 00:00:00-08:00,ASIN_113,TITLE_113,0,0.0,,,,0,0.0,,,0,0.000,0.0,0.0,,,,,0,0.000,0.0,0.0,0.0
2022-02-03 00:00:00-08:00,ASIN_115,TITLE_115,0,0.0,,,,0,0.0,0.0,,-4,-0.333,-23.96,-1.9967,5.99,,,,0,0.000,0.0,0.0,0.0
2022-02-03 00:00:00-08:00,ASIN_128,TITLE_128,0,0.0,,,,0,0.0,,,0,0.000,0.0,0.0,,,,,0,0.000,0.0,0.0,0.0
2022-02-03 00:00:00-08:00,ASIN_140,TITLE_140,0,0.0,,,,0,0.0,,,0,0.000,0.0,0.0,,,,,0,0.000,0.0,0.0,0.0
2022-02-03 00:00:00-08:00,ASIN_153,TITLE_153,0,0.0,,,,0,0.0,,,0,0.000,0.0,0.0,,,,,0,0.000,0.0,0.0,
2022-02-03 00:00:00-08:00,ASIN_200,TITLE_200,1,17.99,17.99,,,1,17.99,,,4,0.666,71.96,11.9933,17.99,,,,2,0.333,35.98,5.9967,0.2086
2022-02-03 00:00:00-08:00,ASIN_207,TITLE_207,3,44.97,14.99,,,4,44.97,,,6,1.000,89.94,14.99,14.99,,,,10,1.666,119.86000000000001,19.9767,
2022-02-03 00:00:00-08:00,ASIN_218,TITLE_218,1,35.88,35.88,,,1,0.0,,,14,2.800,502.32000000000005,100.464,35.88,,,,14,2.800,430.56,86.112,0.0
2022-02-03 00:00:00-08:00,ASIN_220,TITLE_220,1,27.99,27.99,,,0,0.0,,,2,1.000,55.98,27.99,27.99,,,,0,0.000,0.0,0.0,
2022-02-03 00:00:00-08:00,ASIN_30,TITLE_30,0,0.0,,,,0,0.0,,14767.0,0,0.000,0.0,0.0,,,,,0,0.000,0.0,0.0,0.0
2022-02-03 00:00:00-08:00,ASIN_45,TITLE_45,0,0.0,,,,0,0.0,0.0,,0,0.000,0.0,0.0,,,,,0,0.000,0.0,0.0,0.0
2022-02-03 00:00:00-08:00,ASIN_47,TITLE_47,0,0.0,,,,0,0.0,0.0,,0,0.000,0.0,0.0,,,,,0,0.000,0.0,0.0,0.0
2022-02-03 00:00:00-08:00,ASIN_55,TITLE_55,0,0.0,,,,0,0.0,,,0,0.000,0.0,0.0,,,,,0,0.000,0.0,0.0,0.0
2022-02-03 00:00:00-08:00,ASIN_63,TITLE_63,0,0.0,,,,0,0.0,0.0,,0,0.000,0.0,0.0,,,,,0,0.000,0.0,0.0,0.0
2022-02-03 00:00:00-08:00,ASIN_66,TITLE_66,0,0.0,,,,0,0.0,0.0,,0,0.000,0.0,0.0,,,,,0,0.000,0.0,0.0,0.0
2022-02-03 00:00:00-08:00,ASIN_93,TITLE_93,0,0.0,,,,0,0.0,,,0,0.000,0.0,0.0,,,,,0,0.000,0.0,0.0,0.0
2022-02-03 00:00:00-08:00,ASIN_94,TITLE_94,0,0.0,,,,0,0.0,0.0,,0,0.000,0.0,0.0,,,,,0,0.000,0.0,0.0,0.0
2022-02-04 00:00:00-08:00,ASIN_114,TITLE_114,265,19570.57,73.8512,236.0,1.1229,419,30856.28,,,694,115.666,51200.22,8533.37,73.6377,938.0,187.600,0.4125,990,165.000,72888.48,12148.08,
2022-02-04 00:00:00-08:00,ASIN_115,TITLE_115,-2,-11.98,5.99,,,0,0.0,,,-4,-0.333,-23.96,-1.9967,5.99,,,,0,0.000,0.0,0.0,0.0
2022-02-04 00:00:00-08:00,ASIN_117,TITLE_117,0,0.0,,,,0,0.0,0.0,,0,0.000,0.0,0.0,,,,,0,0.000,0.0,0.0,0.0
2022-02-04 00:00:00-08:00,ASIN_119,TITLE_119,0,0.0,,,,0,0.0,,,0,0.000,0.0,0.0,,,,,0,0.000,0.0,0.0,0.0
2022-02-04 00:00:00-08:00,ASIN_121,TITLE_121,0,0.0,,,,0,0.0,0.0,,0,0.000,0.0,0.0,,,,,0,0.000,0.0,0.0,0.0
2022-02-04 00:00:00-08:00,ASIN_132,TITLE_132,232,2085.68,8.99,,,220,1972.58,,,494,123.500,4435.66,1108.915,8.9,,,,472,118.000,4228.16,1057.04,
2022-02-04 00:00:00-08:00,ASIN_140,TITLE_140,0,0.0,,,,0,0.0,0.0,,0,0.000,0.0,0.0,,,,,0,0.000,0.0,0.0,0.0
2022-02-04 00:00:00-08:00,ASIN_148,TITLE_148,650,5727.98,8.8123,,,672,5921.8,,,1300,650.000,11455.96,5727.98,8.8123,,,,1344,672.000,11843.6,5921.8,
2022-02-04 00:00:00-08:00,ASIN_159,TITLE_159,0,0.0,,,,0,0.0,0.0,,0,0.000,0.0,0.0,,,,,0,0.000,0.0,0.0,0.0
2022-02-04 00:00:00-08:00,ASIN_173,TITLE_173,0,0.0,,,,0,0.0,,,0,0.000,0.0,0.0,,,,,0,0.000,0.0,0.0,
2022-02-04 00:00:00-08:00,ASIN_184,TITLE_184,0,0.0,,,,0,0.0,,,0,0.000,0.0,0.0,,,,,0,0.000,0.0,0.0,
2022-02-04 00:00:00-08:00,ASIN_193,TITLE_193,0,0.0,,,,0,0.0,0.0,,2,0.333,71.76,11.96,35.88,,,,4,0.666,143.52,23.92,0.0
2022-02-04 00:00:00-08:00,ASIN_203,TITLE_203,0,0.0,,,,0,0.0,,,0,0.000,0.0,0.0,,,,,0,0.000,0.0,0.0,
2022-02-04 00:00:00-08:00,ASIN_209,TITLE_209,44,2185.1,49.6614,,,9,442.45,,,88,44.000,4370.2,2185.1,49.6614,,,,18,9.000,884.9,442.45,
2022-02-04 00:00:00-08:00,ASIN_216,TITLE_216,0,0.0,,,,0,0.0,0.0,,0,0.000,0.0,0.0,,,,,0,0.000,0.0,0.0,0.0
2022-02-04 00:00:00-08:00,ASIN_218,TITLE_218,6,215.28,35.88,,,6,215.28,,,14,2.800,502.32000000000005,100.464,35.88,,,,14,2.800,430.56,86.112,0.0
2022-02-04 00:00:00-08:00,ASIN_221,TITLE_221,11,394.68,35.88,,,12,430.56,,,22,7.333,789.36,263.12,35.88,,,,24,8.000,861.12,287.04,0.0
2022-02-04 00:00:00-08:00,ASIN_25,TITLE_25,0,0.0,,,,0,0.0,,,0,0.000,0.0,0.0,,,,,16,4.000,1019.04,254.76,0.4101
2022-02-04 00:00:00-08:00,ASIN_29,TITLE_29,0,0.0,,,,0,0.0,0.0,,0,0.000,0.0,0.0,,,,,0,0.000,0.0,0.0,0.0
2022-02-04 00:00:00-08:00,ASIN_30,TITLE_30,0,0.0,,,,0,0.0,,14765.0,0,0.000,0.0,0.0,,,,,0,0.000,0.0,0.0,0.0
2022-02-04 00:00:00-08:00,ASIN_44,TITLE_44,0,0.0,,,,0,0.0,,,-4,-0.444,-19.96,-2.2178,4.99,,,,1,0.111,4.99,0.5544,
2022-02-04 00:00:00-08:00,ASIN_51,TITLE_51,251,30800.64,122.7117,,,268,32878.03,,,502,251.000,61601.28,30800.64,122.7117,,,,536,268.000,65756.06,32878.03,
2022-02-04 00:00:00-08:00,ASIN_52,TITLE_52,0,0.0,,,,0,0.0,0.0,,0,0.000,0.0,0.0,,,,,4,0.400,431.16,43.116,0.0
2022-02-04 00:00:00-08:00,ASIN_52,TITLE_52,0,0.0,,,,0,0.0,0.0,,0,0.000,0.0,0.0,,,,,4,0.400,431.16,43.116,0.0
2022-02-04 00:00:00-08:00,ASIN_53,TITLE_53,332,6589.61,19.8482,,,323,6422.27,,,676,169.000,13419.099999999999,3354.775,19.9191,,,,666,166.500,13243.640000000001,3310.91,
2022-02-04 00:00:00-08:00,ASIN_54,TITLE_54,0,0.0,,,,0,0.0,0.0,,0,0.000,0.0,0.0,,,,,0,0.000,0.0,0.0,0.0
2022-02-04 00:00:00-08:00,ASIN_54,TITLE_54,0,0.0,,,,0,0.0,0.0,,0,0.000,0.0,0.0,,,,,0,0.000,0.0,0.0,0.0
2022-02-04 00:00:00-08:00,ASIN_56,TITLE_56,0,0.0,,,,0,0.0,0.0,,0,0.000,0.0,0.0,,,,,0,0.000,0.0,0.0,0.0
2022-02-04 00:00:00-08:00,ASIN_56,TITLE_56,0,0.0,,,,0,0.0,0.0,,0,0.000,0.0,0.0,,,,,0,0.000,0.0,0.0,0.0
2022-02-04 00:00:00-08:00,ASIN_63,TITLE_63,0,0.0,,,,0,0.0,,,0,0.000,0.0,0.0,,,,,0,0.000,0.0,0.0,0.0
2022-02-04 00:00:00-08:00,ASIN_66,TITLE_66,0,0.0,,,,0,0.0,,,0,0.000,0.0,0.0,,,,,0,0.000,0.0,0.0,0.0
2022-02-05 00:00:00-08:00,ASIN_115,TITLE_115,0,0.0,,,,0,0.0,0.0,,-4,-0.333,-23.96,-1.9967,5.99,,,,0,0.000,0.0,0.0,0.0
2022-02-05 00:00:00-08:00,ASIN_115,TITLE_115,0,0.0,,,,0,0.0,0.0,,-4,-0.333,-23.96,-1.9967,5.99,,,,0,0.000,0.0,0.0,0.0
2022-02-05 00:00:00-08:00,ASIN_127,TITLE_127,0,0.0,,,,0,0.0,,,-3,-0.750,-102.87,-25.7175,34.29,,,,0,0.000,0.0,0.0,0.0
2022-02-05 00:00:00-08:00,ASIN_131,TITLE_131,0,0.0,,,,0,0.0,,,0,0.000,0.0,0.0,,,,,0,0.000,0.0,0.0,0.0
2022-02-05 00:00:00-08:00,ASIN_140,TITLE_140,0,0.0,,,,0,0.0,0.0,,0,0.000,0.0,0.0,,,,,0,0.000,0.0,0.0,0.0
2022-02-05 00:00:00-08:00,ASIN_140,TITLE_140,0,0.0,,,,0,0.0,0.0,,0,0.000,0.0,0.0,,,,,0,0.000,0.0,0.0,0.0
2022-02-05 00:00:00-08:00,ASIN_196,TITLE_196,0,0.0,,,,0,0.0,,,0,0.000,0.0,0.0,,,,,0,0.000,0.0,0.0,
2022-02-05 00:00:00-08:00,ASIN_2,TITLE_2,0,0.0,,,,0,0.0,,2190.0,0,0.000,0.0,0.0,,,,,0,0.000,0.0,0.0,0.0
2022-02-05 00:00:00-08:00,ASIN_203,TITLE_203,0,0.0,,,,0,0.0,,,0,0.000,0.0,0.0,,,,,0,0.000,0.0,0.0,
2022-02-05 00:00:00-08:00,ASIN_217,TITLE_217,0,0.0,,,,0,0.0,,,0,0.000,0.0,0.0,,,,,0,0.000,0.0,0.0,
2022-02-05 00:00:00-08:00,ASIN_218,TITLE_218,0,0.0,,,,0,0.0,0.0,,14,2.800,502.32000000000005,100.464,35.88,,,,14,2.800,430.56,86.112,0.0
2022-02-05 00:00:00-08:00,ASIN_221,TITLE_221,0,0.0,,,,0,0.0,0.0,,22,7.333,789.36,263.12,35.88,,,,24,8.000,861.12,287.04,0.0
2022-02-05 00:00:00-08:00,ASIN_24,TITLE_24,0,0.0,,,,0,0.0,,1141.0,0,0.000,0.0,0.0,,,,,0,0.000,0.0,0.0,0.0
2022-02-05 00:00:00-08:00,ASIN_26,TITLE_26,0,0.0,,,,0,0.0,,,0,0.000,0.0,0.0,,,,,0,0.000,0.0,0.0,
2022-02-05 00:00:00-08:00,ASIN_30,TITLE_30,0,0.0,,,,0,0.0,0.0,14767.0,0,0.000,0.0,0.0,,,,,0,0.000,0.0,0.0,0.0
2022-02-05 00:00:00-08:00,ASIN_30,TITLE_30,0,0.0,,,,0,0.0,0.0,14767.0,0,0.000,0.0,0.0,,,,,0,0.000,0.0,0.0,0.0
2022-02-05 00:00:00-08:00,ASIN_46,TITLE_46,0,0.0,,,,0,0.0,,,0,0.000,0.0,0.0,,,,,0,0.000,0.0,0.0,0.0
2022-02-05 00:00:00-08:00,ASIN_63,TITLE_63,0,0.0,,,,0,0.0,0.0,,0,0.000,0.0,0.0,,,,,0,0.000,0.0,0.0,0.0
2022-02-05 00:00:00-08:00,ASIN_63,TITLE_63,0,0.0,,,,0,0.0,0.0,,0,0.000,0.0,0.0,,,,,0,0.000,0.0,0.0,0.0
2022-02-05 00:00:00-08:00,ASIN_66,TITLE_66,0,0.0,,,,0,0.0,0.0,,0,0.000,0.0,0.0,,,,,0,0.000,0.0,0.0,0.0
2022-02-05 00:00:00-08:00,ASIN_66,TITLE_66,0,0.0,,,,0,0.0,0.0,,0,0.000,0.0,0.0,,,,,0,0.000,0.0,0.0,0.0
2022-02-05 00:00:00-08:00,ASIN_93,TITLE_93,0,0.0,,,,0,0.0,0.0,,0,0.000,0.0,0.0,,,,,0,0.000,0.0,0.0,0.0
2022-02-05 00:00:00-08:00,ASIN_99,TITLE_99,0,0.0,,,,0,0.0,,,0,0.000,0.0,0.0,,,,,0,0.000,0.0,0.0,
2022-02-06 00:00:00-08:00,ASIN_103,TITLE_103,16,335.04,20.94,126.0,0.1270,21,439.74,,,116,19.333,2429.04,404.84,20.94,3795.0,632.500,0.1388,106,17.666,2219.64,369.94,
2022-02-06 00:00:00-08:00,ASIN_103,TITLE_103,16,335.04,20.94,3182.0,0.0050,21,439.74,,,116,19.333,2429.04,404.84,20.94,3795.0,632.500,0.1388,106,17.666,2219.64,369.94,
2022-02-06 00:00:00-08:00,ASIN_104,TITLE_104,12,251.16,20.93,,,14,293.02,,,62,20.666,1297.6599999999999,432.5533,20.93,,,,52,17.333,1088.3600000000001,362.7867,
2022-02-06 00:00:00-08:00,ASIN_105,TITLE_105,0,0.0,,,,0,0.0,,,-2,-0.333,-41.88,-6.98,20.94,,,,0,0.000,0.0,0.0,0.0
2022-02-06 00:00:00-08:00,ASIN_106,TITLE_106,7,146.58,20.94,,,9,188.46,,,35,11.666,732.9000000000001,244.3,20.94,,,,29,9.666,607.26,202.42,
2022-02-06 00:00:00-08:00,ASIN_108,TITLE_108,28,274.12,9.79,,,30,293.7,,,88,29.333,861.52,287.1733,9.79,,,,74,24.666,724.46,241.4867,
2022-02-06 00:00:00-08:00,ASIN_114,TITLE_114,265,19570.57,73.8512,,,419,30856.28,,,694,115.666,51200.22,8533.37,73.6377,938.0,187.600,0.4125,990,165.000,72888.48,12148.08,
2022-02-06 00:00:00-08:00,ASIN_115,TITLE_115,-2,-11.98,5.99,,,0,0.0,,,-4,-0.333,-23.96,-1.9967,5.99,,,,0,0.000,0.0,0.0,0.0
2022-02-06 00:00:00-08:00,ASIN_118,TITLE_118,0,0.0,,,,7,83.93,,,12,4.000,143.88,47.96,11.99,,,,27,9.000,323.73,107.91,
2022-02-06 00:00:00-08:00,ASIN_125,TITLE_125,10,209.4,20.94,,,11,230.34,,,32,10.666,670.08,223.36,20.94,,,,41,13.666,858.5400000000001,286.18,
2022-02-06 00:00:00-08:00,ASIN_129,TITLE_129,0,0.0,,,,2,99.98,0.0,,0,0.000,0.0,0.0,,,,,10,1.428,499.9,71.4143,0.0775
2022-02-06 00:00:00-08:00,ASIN_129,TITLE_129,0,0.0,,,,2,99.98,0.3877,,0,0.000,0.0,0.0,,,,,10,1.428,499.9,71.4143,0.0775
2022-02-06 00:00:00-08:00,ASIN_130,TITLE_130,58,3409.82,58.79,8903.0,0.0065,64,3762.56,0.3977,,636,63.600,37405.04,3740.504,58.809,11159.0,1115.900,0.2439,728,72.800,42813.72,4281.372,0.3977
2022-02-06 00:00:00-08:00,ASIN_130,TITLE_130,58,3409.82,58.79,244.0,0.2377,64,3762.56,0.3977,,636,63.600,37405.04,3740.504,58.809,11159.0,1115.900,0.2439,728,72.800,42813.72,4281.372,0.3977
2022-02-06 00:00:00-08:00,ASIN_132,TITLE_132,232,2085.68,8.99,,,220,1972.58,,,494,123.500,4435.66,1108.915,8.9,,,,472,118.000,4228.16,1057.04,
2022-02-06 00:00:00-08:00,ASIN_148,TITLE_148,650,5727.98,8.8123,,,672,5921.8,,,1300,650.000,11455.96,5727.98,8.8123,,,,1344,672.000,11843.6,5921.8,
2022-02-06 00:00:00-08:00,ASIN_151,TITLE_151,0,0.0,,,,0,0.0,,,-4,-1.333,-279.96,-93.32,69.99,,,,0,0.000,0.0,0.0,
2022-02-06 00:00:00-08:00,ASIN_155,TITLE_155,19,389.88,20.52,2401.0,0.0079,21,430.92,,,67,22.333,1374.8400000000001,458.28,20.52,2401.0,2401.000,0.0079,67,22.333,1374.84,458.28,0.3986
2022-02-06 00:00:00-08:00,ASIN_167,TITLE_167,15,644.85,42.99,113.0,0.1327,22,945.78,,,33,11.000,1418.67,472.89,42.99,113.0,113.000,0.1327,32,10.666,1375.6799999999998,458.56,
2022-02-06 00:00:00-08:00,ASIN_169,TITLE_169,17,679.83,39.99,108.0,0.1574,17,679.83,,,17,17.000,679.83,679.83,39.99,108.0,108.000,0.1574,17,17.000,679.83,679.83,
2022-02-06 00:00:00-08:00,ASIN_170,TITLE_170,-1,-90.66,90.66,,,0,0.0,,,-1,-0.333,-90.66,-30.22,90.66,,,,0,0.000,0.0,0.0,
2022-02-06 00:00:00-08:00,ASIN_172,TITLE_172,0,0.0,,,,0,0.0,,,0,0.000,0.0,0.0,,,,,0,0.000,0.0,0.0,
2022-02-06 00:00:00-08:00,ASIN_184,TITLE_184,0,0.0,,,,0,0.0,,,0,0.000,0.0,0.0,,,,,0,0.000,0.0,0.0,
2022-02-06 00:00:00-08:00,ASIN_203,TITLE_203,0,0.0,,,,0,0.0,,,0,0.000,0.0,0.0,,,,,0,0.000,0.0,0.0,
2022-02-06 00:00:00-08:00,ASIN_209,TITLE_209,44,2185.1,49.6614,,,9,442.45,,,88,44.000,4370.2,2185.1,49.6614,,,,18,9.000,884.9,442.45,
2022-02-06 00:00:00-08:00,ASIN_216,TITLE_216,0,0.0,,,,0,0.0,0.0,,0,0.000,0.0,0.0,,,,,0,0.000,0.0,0.0,0.0
2022-02-06 00:00:00-08:00,ASIN_218,TITLE_218,6,215.28,35.88,,,6,215.28,,,14,2.800,502.32000000000005,100.464,35.88,,,,14,2.800,430.56,86.112,0.0
2022-02-06 00:00:00-08:00,ASIN_221,TITLE_221,11,394.68,35.88,,,12,430.56,,,22,7.333,789.36,263.12,35.88,,,,24,8.000,861.12,287.04,0.0
2022-02-06 00:00:00-08:00,ASIN_39,TITLE_39,13,974.87,74.99,101.0,0.1287,8,599.92,,,39,13.000,2924.61,974.87,74.99,290.0,96.666,0.1358,26,8.666,1949.7399999999998,649.9133,
2022-02-06 00:00:00-08:00,ASIN_40,TITLE_40,0,0.0,,,,0,0.0,0.0,,0,0.000,0.0,0.0,,,,,0,0.000,0.0,0.0,0.0
2022-02-06 00:00:00-08:00,ASIN_41,TITLE_41,1,19.99,19.99,,,5,99.95,,,28,4.666,559.72,93.2867,19.99,384.0,128.000,-0.0237,122,20.333,2438.7799999999997,406.4633,0.4005
2022-02-06 00:00:00-08:00,ASIN_44,TITLE_44,0,0.0,,,,1,4.99,,,-4,-0.444,-19.96,-2.2178,4.99,,,,1,0.111,4.99,0.5544,
2022-02-06 00:00:00-08:00,ASIN_51,TITLE_51,251,30800.64,122.7117,,,268,32878.03,,,502,251.000,61601.28,30800.64,122.7117,,,,536,268.000,65756.06,32878.03,
2022-02-06 00:00:00-08:00,ASIN_53,TITLE_53,332,6589.61,19.8482,,,323,6422.27,,,676,169.000,13419.099999999999,3354.775,19.9191,,,,666,166.500,13243.640000000001,3310.91,
2022-02-06 00:00:00-08:00,ASIN_58,TITLE_58,20,450.6,22.53,126.0,0.1587,25,563.25,,,20,20.000,450.6,450.6,22.53,126.0,126.000,0.1587,25,25.000,563.25,563.25,
2022-02-06 00:00:00-08:00,ASIN_6,TITLE_6,12,364.44,30.37,123.0,0.0976,10,303.7,,2284.0,885,98.333,26877.45,2986.3833,30.37,5551.0,793.000,0.9638,169,18.777,5132.53,570.2811,
2022-02-06 00:00:00-08:00,ASIN_6,TITLE_6,12,364.44,30.37,123.0,0.0976,10,303.7,,1898.0,885,98.333,26877.45,2986.3833,30.37,5551.0,793.000,0.9638,169,18.777,5132.53,570.2811,
2022-02-06 00:00:00-08:00,ASIN_6,TITLE_6,12,364.44,30.37,2466.0,0.0049,10,303.7,,1898.0,885,98.333,26877.45,2986.3833,30.37,5551.0,793.000,0.9638,169,18.777,5132.53,570.2811,
2022-02-06 00:00:00-08:00,ASIN_6,TITLE_6,12,364.44,30.37,2466.0,0.0049,10,303.7,,2284.0,885,98.333,26877.45,2986.3833,30.37,5551.0,793.000,0.9638,169,18.777,5132.53,570.2811,
2022-02-06 00:00:00-08:00,ASIN_63,TITLE_63,0,0.0,,,,0,0.0,,,0,0.000,0.0,0.0,,,,,0,0.000,0.0,0.0,0.0
2022-02-06 00:00:00-08:00,ASIN_66,TITLE_66,0,0.0,,,,0,0.0,,,0,0.000,0.0,0.0,,,,,0,0.000,0.0,0.0,0.0
2022-02-06 00:00:00-08:00,ASIN_67,TITLE_67,10,799.9,79.99,,,4,319.96,,,46,9.200,3679.54,735.908,79.99,,,,10,2.000,799.8999999999999,159.98,
2022-02-06 00:00:00-08:00,ASIN_7,TITLE_7,0,0.0,,,,5,613.52,,,44,8.800,5392.2,1078.44,122.55,166.0,83.000,0.2654,55,11.000,6738.02,1347.604,
2022-02-06 00:00:00-08:00,ASIN_71,TITLE_71,32,382.0,11.9375,,,44,524.92,,,74,24.666,881.74,293.9133,11.9116,,,,94,31.333,1114.82,371.6067,0.0
2022-02-06 00:00:00-08:00,ASIN_92,TITLE_92,1,9.99,9.99,,,1,9.99,,,1,0.200,9.99,1.998,9.99,,,,17,3.400,167.83,33.566,0.0
