customer_id,YEAR,MONTH,CLOSING_BALANCE,MONTHLY_CHANGE
1,2020,1,312,312
1,2020,2,312,0
1,2020,3,1912,1600
1,2020,4,1912,0
2,2020,1,549,549
2,2020,2,549,0
2,2020,3,610,61
2,2020,4,610,0
3,2020,1,144,144
3,2020,2,1109,965
3,2020,3,1510,401
3,2020,4,2003,493
4,2020,1,848,848
4,2020,2,848,0
4,2020,3,1041,193
4,2020,4,1041,0
5,2020,1,2606,2606
5,2020,2,2606,0
5,2020,3,7743,5137
5,2020,4,8233,490
6,2020,1,2521,2521
6,2020,2,3998,1477
6,2020,3,9104,5106
6,2020,4,9104,0
7,2020,1,964,964
7,2020,2,3327,2363
7,2020,3,5413,2086
7,2020,4,6553,1140
8,2020,1,1719,1719
8,2020,2,1899,180
8,2020,3,4275,2376
8,2020,4,5247,972
9,2020,1,849,849
9,2020,2,1044,195
9,2020,3,2866,1822
9,2020,4,5494,2628
10,2020,1,3770,3770
10,2020,2,6138,2368
10,2020,3,7549,1411
10,2020,4,10500,2951
11,2020,1,1864,1864
11,2020,2,2589,725
11,2020,3,6638,4049
11,2020,4,6966,328
12,2020,1,312,312
12,2020,2,312,0
12,2020,3,1993,1681
12,2020,4,1993,0
13,2020,1,2282,2282
13,2020,2,3693,1411
13,2020,3,5095,1402
13,2020,4,5095,0
14,2020,1,205,205
14,2020,2,821,616
14,2020,3,821,0
14,2020,4,2165,1344
15,2020,1,379,379
15,2020,2,379,0
15,2020,3,379,0
15,2020,4,1102,723
16,2020,1,3443,3443
16,2020,2,6833,3390
16,2020,3,8224,1391
16,2020,4,9086,862
17,2020,1,465,465
17,2020,2,1822,1357
17,2020,3,1822,0
17,2020,4,1822,0
18,2020,1,757,757
18,2020,2,1938,1181
18,2020,3,3812,1874
18,2020,4,3839,27
19,2020,1,106,106
19,2020,2,345,239
19,2020,3,1413,1068
19,2020,4,1756,343
20,2020,1,1271,1271
20,2020,2,2321,1050
20,2020,3,2578,257
20,2020,4,2578,0
21,2020,1,1680,1680
21,2020,2,3628,1948
21,2020,3,6370,2742
21,2020,4,7749,1379
22,2020,1,1353,1353
22,2020,2,5877,4524
22,2020,3,9383,3506
22,2020,4,12048,2665
23,2020,1,574,574
23,2020,2,982,408
23,2020,3,2492,1510
23,2020,4,3014,522
24,2020,1,615,615
24,2020,2,2557,1942
24,2020,3,3666,1109
24,2020,4,3666,0
25,2020,1,174,174
25,2020,2,1266,1092
25,2020,3,3316,2050
25,2020,4,4802,1486
26,2020,1,1314,1314
26,2020,2,1983,669
26,2020,3,3028,1045
26,2020,4,4276,1248
27,2020,1,3397,3397
27,2020,2,7595,4198
27,2020,3,11182,3587
27,2020,4,11182,0
28,2020,1,451,451
28,2020,2,1720,1269
28,2020,3,2678,958
28,2020,4,4178,1500
29,2020,1,1626,1626
29,2020,2,3438,1812
29,2020,3,6309,2871
29,2020,4,9288,2979
30,2020,1,33,33
30,2020,2,497,464
30,2020,3,497,0
30,2020,4,1436,939
31,2020,1,83,83
31,2020,2,83,0
31,2020,3,2211,2128
31,2020,4,2211,0
32,2020,1,1907,1907
32,2020,2,3786,1879
32,2020,3,5005,1219
32,2020,4,5163,158
33,2020,1,473,473
33,2020,2,2082,1609
33,2020,3,5413,3331
33,2020,4,7221,1808
34,2020,1,976,976
34,2020,2,2299,1323
34,2020,3,2791,492
34,2020,4,2791,0
35,2020,1,2309,2309
35,2020,2,3637,1328
35,2020,3,6917,3280
35,2020,4,6917,0
36,2020,1,149,149
36,2020,2,1988,1839
36,2020,3,3299,1311
36,2020,4,5033,1734
37,2020,1,1807,1807
37,2020,2,6804,4997
37,2020,3,8775,1971
37,2020,4,11989,3214
38,2020,1,1823,1823
38,2020,2,3771,1948
38,2020,3,7080,3309
38,2020,4,9350,2270
39,2020,1,1429,1429
39,2020,2,3416,1987
39,2020,3,4416,1000
39,2020,4,8104,3688
40,2020,1,1367,1367
40,2020,2,4049,2682
40,2020,3,6387,2338
40,2020,4,7254,867
41,2020,1,1626,1626
41,2020,2,3051,1425
41,2020,3,7999,4948
41,2020,4,8915,916
42,2020,1,1839,1839
42,2020,2,5167,3328
42,2020,3,7121,1954
42,2020,4,8120,999
43,2020,1,837,837
43,2020,2,2792,1955
43,2020,3,4891,2099
43,2020,4,6251,1360
44,2020,1,832,832
44,2020,2,1503,671
44,2020,3,1503,0
44,2020,4,1823,320
45,2020,1,4968,4968
45,2020,2,7060,2092
45,2020,3,8796,1736
45,2020,4,8796,0
46,2020,1,1512,1512
46,2020,2,2586,1074
46,2020,3,4096,1510
46,2020,4,6194,2098
47,2020,1,2493,2493
47,2020,2,4791,2298
47,2020,3,8104,3313
47,2020,4,8411,307
48,2020,1,4496,4496
48,2020,2,6812,2316
48,2020,3,8529,1717
48,2020,4,8529,0
49,2020,1,2343,2343
49,2020,2,3726,1383
49,2020,3,9928,6202
49,2020,4,9928,0
50,2020,1,931,931
50,2020,2,3094,2163
50,2020,3,5861,2767
50,2020,4,6156,295
51,2020,1,433,433
51,2020,2,2145,1712
51,2020,3,4203,2058
51,2020,4,4788,585
52,2020,1,1140,1140
52,2020,2,2612,1472
52,2020,3,2612,0
52,2020,4,2612,0
53,2020,1,22,22
53,2020,2,210,188
53,2020,3,1604,1394
53,2020,4,2933,1329
54,2020,1,1658,1658
54,2020,2,1687,29
54,2020,3,2783,1096
54,2020,4,3218,435
55,2020,1,380,380
55,2020,2,3458,3078
55,2020,3,4327,869
55,2020,4,5189,862
56,2020,1,1795,1795
56,2020,2,3618,1823
56,2020,3,5921,2303
56,2020,4,7946,2025
57,2020,1,1756,1756
57,2020,2,2271,515
57,2020,3,3036,765
57,2020,4,3036,0
58,2020,1,1933,1933
58,2020,2,4891,2958
58,2020,3,8258,3367
58,2020,4,9587,1329
59,2020,1,924,924
59,2020,2,2190,1266
59,2020,3,2728,538
59,2020,4,3582,854
60,2020,1,1405,1405
60,2020,2,2262,857
60,2020,3,4051,1789
60,2020,4,4475,424
61,2020,1,1754,1754
61,2020,2,3365,1611
61,2020,3,9550,6185
61,2020,4,10713,1163
62,2020,1,648,648
62,2020,2,648,0
62,2020,3,1199,551
62,2020,4,1199,0
63,2020,1,800,800
63,2020,2,2147,1347
63,2020,3,5140,2993
63,2020,4,5140,0
64,2020,1,2332,2332
64,2020,2,3208,876
64,2020,3,4829,1621
64,2020,4,4829,0
65,2020,1,1355,1355
65,2020,2,1355,0
65,2020,3,2350,995
65,2020,4,3281,931
66,2020,1,2125,2125
66,2020,2,2604,479
66,2020,3,4613,2009
66,2020,4,4613,0
67,2020,1,1593,1593
67,2020,2,3351,1758
67,2020,3,6190,2839
67,2020,4,7706,1516
68,2020,1,574,574
68,2020,2,870,296
68,2020,3,3048,2178
68,2020,4,3048,0
69,2020,1,2033,2033
69,2020,2,6744,4711
69,2020,3,10290,3546
69,2020,4,11037,747
70,2020,1,2566,2566
70,2020,2,3805,1239
70,2020,3,6230,2425
70,2020,4,6230,0
71,2020,1,128,128
71,2020,2,929,801
71,2020,3,1521,592
71,2020,4,1521,0
72,2020,1,796,796
72,2020,2,3175,2379
72,2020,3,5306,2131
72,2020,4,5953,647
73,2020,1,513,513
73,2020,2,513,0
73,2020,3,513,0
73,2020,4,513,0
74,2020,1,229,229
74,2020,2,229,0
74,2020,3,318,89
74,2020,4,318,0
75,2020,1,234,234
75,2020,2,294,60
75,2020,3,294,0
75,2020,4,294,0
76,2020,1,5245,5245
76,2020,2,9481,4236
76,2020,3,11127,1646
76,2020,4,11127,0
77,2020,1,120,120
77,2020,2,501,381
77,2020,3,1621,1120
77,2020,4,1621,0
78,2020,1,1278,1278
78,2020,2,3550,2272
78,2020,3,4823,1273
78,2020,4,5082,259
79,2020,1,521,521
79,2020,2,1380,859
79,2020,3,1380,0
79,2020,4,1380,0
80,2020,1,795,795
80,2020,2,1190,395
80,2020,3,1918,728
80,2020,4,2341,423
81,2020,1,403,403
81,2020,2,1763,1360
81,2020,3,4388,2625
81,2020,4,6254,1866
82,2020,1,6346,6346
82,2020,2,6420,74
82,2020,3,8817,2397
82,2020,4,10182,1365
83,2020,1,2535,2535
83,2020,2,4326,1791
83,2020,3,7664,3338
83,2020,4,8029,365
84,2020,1,968,968
84,2020,2,968,0
84,2020,3,1327,359
84,2020,4,1327,0
85,2020,1,467,467
85,2020,2,467,0
85,2020,3,1076,609
85,2020,4,1506,430
86,2020,1,2234,2234
86,2020,2,5340,3106
86,2020,3,10221,4881
86,2020,4,10221,0
87,2020,1,1919,1919
87,2020,2,4794,2875
87,2020,3,4991,197
87,2020,4,6613,1622
88,2020,1,1851,1851
88,2020,2,2904,1053
88,2020,3,4392,1488
88,2020,4,4476,84
89,2020,1,210,210
89,2020,2,2099,1889
89,2020,3,4917,2818
89,2020,4,8213,3296
90,2020,1,2690,2690
90,2020,2,7271,4581
90,2020,3,8510,1239
90,2020,4,8732,222
91,2020,1,2445,2445
91,2020,2,6771,4326
91,2020,3,9490,2719
91,2020,4,9655,165
92,2020,1,985,985
92,2020,2,985,0
92,2020,3,1828,843
92,2020,4,1828,0
93,2020,1,1585,1585
93,2020,2,5411,3826
93,2020,3,7314,1903
93,2020,4,7532,218
94,2020,1,2570,2570
94,2020,2,3316,746
94,2020,3,4742,1426
94,2020,4,4742,0
95,2020,1,217,217
95,2020,2,4568,4351
95,2020,3,8710,4142
95,2020,4,8710,0
96,2020,1,2234,2234
96,2020,2,2913,679
96,2020,3,6266,3353
96,2020,4,6266,0
97,2020,1,2723,2723
97,2020,2,4722,1999
97,2020,3,7361,2639
97,2020,4,7361,0
98,2020,1,622,622
98,2020,2,957,335
98,2020,3,2229,1272
98,2020,4,3656,1427
99,2020,1,949,949
99,2020,2,1138,189
99,2020,3,1161,23
99,2020,4,1161,0
100,2020,1,1081,1081
100,2020,2,2659,1578
100,2020,3,5535,2876
100,2020,4,5535,0
101,2020,1,756,756
101,2020,2,1596,840
101,2020,3,4033,2437
101,2020,4,4033,0
102,2020,1,917,917
102,2020,2,4296,3379
102,2020,3,8893,4597
102,2020,4,11528,2635
103,2020,1,1970,1970
103,2020,2,3060,1090
103,2020,3,6389,3329
103,2020,4,6389,0
104,2020,1,1363,1363
104,2020,2,3013,1650
104,2020,3,4586,1573
104,2020,4,4586,0
105,2020,1,1014,1014
105,2020,2,1862,848
105,2020,3,4315,2453
105,2020,4,4528,213
106,2020,1,1021,1021
106,2020,2,3512,2491
106,2020,3,5495,1983
106,2020,4,6846,1351
107,2020,1,1220,1220
107,2020,2,1766,546
107,2020,3,1766,0
107,2020,4,1766,0
108,2020,1,530,530
108,2020,2,1796,1266
108,2020,3,2604,808
108,2020,4,5292,2688
109,2020,1,429,429
109,2020,2,2491,2062
109,2020,3,2491,0
109,2020,4,2491,0
110,2020,1,6848,6848
110,2020,2,8736,1888
110,2020,3,10921,2185
110,2020,4,10921,0
111,2020,1,101,101
111,2020,2,463,362
111,2020,3,827,364
111,2020,4,827,0
112,2020,1,945,945
112,2020,2,3045,2100
112,2020,3,4054,1009
112,2020,4,4054,0
113,2020,1,539,539
113,2020,2,1602,1063
113,2020,3,3618,2016
113,2020,4,4770,1152
114,2020,1,743,743
114,2020,2,743,0
114,2020,3,1317,574
114,2020,4,2291,974
115,2020,1,144,144
115,2020,2,1133,989
115,2020,3,2964,1831
115,2020,4,3929,965
116,2020,1,167,167
116,2020,2,969,802
116,2020,3,1459,490
116,2020,4,1672,213
117,2020,1,35,35
117,2020,2,1680,1645
117,2020,3,3030,1350
117,2020,4,3030,0
118,2020,1,2049,2049
118,2020,2,2225,176
118,2020,3,3585,1360
118,2020,4,3585,0
119,2020,1,62,62
119,2020,2,62,0
119,2020,3,1031,969
119,2020,4,1448,417
120,2020,1,824,824
120,2020,2,5819,4995
120,2020,3,8632,2813
120,2020,4,9655,1023
121,2020,1,1992,1992
121,2020,2,3804,1812
121,2020,3,5577,1773
121,2020,4,5577,0
122,2020,1,480,480
122,2020,2,718,238
122,2020,3,1813,1095
122,2020,4,4194,2381
123,2020,1,1563,1563
123,2020,2,3123,1560
123,2020,3,4588,1465
123,2020,4,7588,3000
124,2020,1,1873,1873
124,2020,2,3874,2001
124,2020,3,6943,3069
124,2020,4,6943,0
125,2020,1,2065,2065
125,2020,2,5487,3422
125,2020,3,7552,2065
125,2020,4,7552,0
126,2020,1,1026,1026
126,2020,2,6280,5254
126,2020,3,8926,2646
126,2020,4,8926,0
127,2020,1,217,217
127,2020,2,703,486
127,2020,3,703,0
127,2020,4,1672,969
128,2020,1,410,410
128,2020,2,1620,1210
128,2020,3,2540,920
128,2020,4,3756,1216
129,2020,1,1482,1482
129,2020,2,3708,2226
129,2020,3,4880,1172
129,2020,4,6955,2075
130,2020,1,1754,1754
130,2020,2,2666,912
130,2020,3,5900,3234
130,2020,4,5900,0
131,2020,1,5656,5656
131,2020,2,8753,3097
131,2020,3,12264,3511
131,2020,4,12264,0
132,2020,1,1282,1282
132,2020,2,2872,1590
132,2020,3,5284,2412
132,2020,4,5613,329
133,2020,1,914,914
133,2020,2,926,12
133,2020,3,926,0
133,2020,4,926,0
134,2020,1,3596,3596
134,2020,2,5470,1874
134,2020,3,7416,1946
134,2020,4,7416,0
135,2020,1,1794,1794
135,2020,2,4511,2717
135,2020,3,4891,380
135,2020,4,4891,0
136,2020,1,2233,2233
136,2020,2,2720,487
136,2020,3,3615,895
136,2020,4,4519,904
137,2020,1,1366,1366
137,2020,2,2118,752
137,2020,3,2118,0
137,2020,4,2118,0
138,2020,1,1316,1316
138,2020,2,5242,3926
138,2020,3,6755,1513
138,2020,4,7605,850
139,2020,1,2040,2040
139,2020,2,2500,460
139,2020,3,7989,5489
139,2020,4,7989,0
140,2020,1,803,803
140,2020,2,1526,723
140,2020,3,4357,2831
140,2020,4,9453,5096
141,2020,1,2237,2237
141,2020,2,4089,1852
141,2020,3,4719,630
141,2020,4,5144,425
142,2020,1,1378,1378
142,2020,2,2316,938
142,2020,3,3609,1293
142,2020,4,4255,646
143,2020,1,807,807
143,2020,2,2311,1504
143,2020,3,3958,1647
143,2020,4,7921,3963
144,2020,1,1853,1853
144,2020,2,4398,2545
144,2020,3,4868,470
144,2020,4,7843,2975
145,2020,1,3781,3781
145,2020,2,7496,3715
145,2020,3,10675,3179
145,2020,4,10675,0
146,2020,1,3115,3115
146,2020,2,5575,2460
146,2020,3,8063,2488
146,2020,4,8127,64
147,2020,1,934,934
147,2020,2,2032,1098
147,2020,3,2032,0
147,2020,4,2032,0
148,2020,1,88,88
148,2020,2,2643,2555
148,2020,3,3730,1087
148,2020,4,4384,654
149,2020,1,2314,2314
149,2020,2,2337,23
149,2020,3,6086,3749
149,2020,4,6086,0
150,2020,1,2920,2920
150,2020,2,4370,1450
150,2020,3,5892,1522
150,2020,4,6717,825
151,2020,1,1367,1367
151,2020,2,2729,1362
151,2020,3,4595,1866
151,2020,4,4595,0
152,2020,1,1831,1831
152,2020,2,6188,4357
152,2020,3,6270,82
152,2020,4,6270,0
153,2020,1,3462,3462
153,2020,2,7740,4278
153,2020,3,10781,3041
153,2020,4,10781,0
154,2020,1,3092,3092
154,2020,2,6220,3128
154,2020,3,9286,3066
154,2020,4,9909,623
155,2020,1,2420,2420
155,2020,2,5973,3553
155,2020,3,10671,4698
155,2020,4,11824,1153
156,2020,1,82,82
156,2020,2,82,0
156,2020,3,82,0
156,2020,4,312,230
157,2020,1,1304,1304
157,2020,2,2053,749
157,2020,3,5430,3377
157,2020,4,5430,0
158,2020,1,1228,1228
158,2020,2,1420,192
158,2020,3,4890,3470
158,2020,4,4890,0
159,2020,1,1639,1639
159,2020,2,1639,0
159,2020,3,1639,0
159,2020,4,1639,0
160,2020,1,843,843
160,2020,2,5461,4618
160,2020,3,7607,2146
160,2020,4,8635,1028
161,2020,1,2173,2173
161,2020,2,4925,2752
161,2020,3,9753,4828
161,2020,4,9753,0
162,2020,1,123,123
162,2020,2,1156,1033
162,2020,3,1156,0
162,2020,4,1156,0
163,2020,1,1119,1119
163,2020,2,1374,255
163,2020,3,4162,2788
163,2020,4,7319,3157
164,2020,1,548,548
164,2020,2,957,409
164,2020,3,957,0
164,2020,4,957,0
165,2020,1,1805,1805
165,2020,2,3702,1897
165,2020,3,6745,3043
165,2020,4,9601,2856
166,2020,1,957,957
166,2020,2,1546,589
166,2020,3,2359,813
166,2020,4,2839,480
167,2020,1,51,51
167,2020,2,2158,2107
167,2020,3,3326,1168
167,2020,4,7230,3904
168,2020,1,114,114
168,2020,2,1403,1289
168,2020,3,1403,0
168,2020,4,1403,0
169,2020,1,3139,3139
169,2020,2,4230,1091
169,2020,3,5563,1333
169,2020,4,6460,897
170,2020,1,2292,2292
170,2020,2,2627,335
170,2020,3,4861,2234
170,2020,4,6166,1305
171,2020,1,1933,1933
171,2020,2,5436,3503
171,2020,3,6847,1411
171,2020,4,8451,1604
172,2020,1,1758,1758
172,2020,2,1758,0
172,2020,3,2740,982
172,2020,4,2740,0
173,2020,1,1298,1298
173,2020,2,2170,872
173,2020,3,4224,2054
173,2020,4,5015,791
174,2020,1,1142,1142
174,2020,2,2818,1676
174,2020,3,5785,2967
174,2020,4,7564,1779
175,2020,1,2322,2322
175,2020,2,3235,913
175,2020,3,4522,1287
175,2020,4,6589,2067
176,2020,1,655,655
176,2020,2,2261,1606
176,2020,3,3397,1136
176,2020,4,3933,536
177,2020,1,405,405
177,2020,2,2840,2435
177,2020,3,8898,6058
177,2020,4,10672,1774
178,2020,1,252,252
178,2020,2,1049,797
178,2020,3,2646,1597
178,2020,4,5019,2373
179,2020,1,2848,2848
179,2020,2,5862,3014
179,2020,3,11461,5599
179,2020,4,11461,0
180,2020,1,2178,2178
180,2020,2,3148,970
180,2020,3,4144,996
180,2020,4,4515,371
181,2020,1,3115,3115
181,2020,2,8015,4900
181,2020,3,9812,1797
181,2020,4,9812,0
182,2020,1,97,97
182,2020,2,2333,2236
182,2020,3,3131,798
182,2020,4,4293,1162
183,2020,1,2228,2228
183,2020,2,5417,3189
183,2020,3,7771,2354
183,2020,4,10006,2235
184,2020,1,472,472
184,2020,2,4129,3657
184,2020,3,6328,2199
184,2020,4,8920,2592
185,2020,1,626,626
185,2020,2,2835,2209
185,2020,3,5407,2572
185,2020,4,10957,5550
186,2020,1,1402,1402
186,2020,2,3483,2081
186,2020,3,7356,3873
186,2020,4,9476,2120
187,2020,1,1409,1409
187,2020,2,2673,1264
187,2020,3,4354,1681
187,2020,4,5422,1068
188,2020,1,1904,1904
188,2020,2,4641,2737
188,2020,3,6776,2135
188,2020,4,7303,527
189,2020,1,2796,2796
189,2020,2,4059,1263
189,2020,3,5965,1906
189,2020,4,5965,0
190,2020,1,14,14
190,2020,2,459,445
190,2020,3,1421,962
190,2020,4,2076,655
191,2020,1,1632,1632
191,2020,2,2244,612
191,2020,3,2514,270
191,2020,4,2671,157
192,2020,1,2526,2526
192,2020,2,8225,5699
192,2020,3,11691,3466
192,2020,4,12447,756
193,2020,1,689,689
193,2020,2,689,0
193,2020,3,892,203
193,2020,4,892,0
194,2020,1,137,137
194,2020,2,2557,2420
194,2020,3,7400,4843
194,2020,4,8969,1569
195,2020,1,489,489
195,2020,2,489,0
195,2020,3,572,83
195,2020,4,572,0
196,2020,1,734,734
196,2020,2,2319,1585
196,2020,3,2406,87
196,2020,4,2406,0
197,2020,1,852,852
197,2020,2,4193,3341
197,2020,3,9079,4886
197,2020,4,12509,3430
198,2020,1,1430,1430
198,2020,2,2892,1462
198,2020,3,5353,2461
198,2020,4,5849,496
199,2020,1,530,530
199,2020,2,1889,1359
199,2020,3,2418,529
199,2020,4,3534,1116
200,2020,1,997,997
200,2020,2,3342,2345
200,2020,3,5186,1844
200,2020,4,5741,555
201,2020,1,2939,2939
201,2020,2,3370,431
201,2020,3,9413,6043
201,2020,4,9413,0
202,2020,1,1422,1422
202,2020,2,3852,2430
202,2020,3,7221,3369
202,2020,4,7221,0
203,2020,1,3836,3836
203,2020,2,7235,3399
203,2020,3,10451,3216
203,2020,4,10475,24
204,2020,1,749,749
204,2020,2,1039,290
204,2020,3,1587,548
204,2020,4,1893,306
205,2020,1,4574,4574
205,2020,2,9023,4449
205,2020,3,9167,144
205,2020,4,9167,0
206,2020,1,2517,2517
206,2020,2,3251,734
206,2020,3,7276,4025
206,2020,4,7676,400
207,2020,1,322,322
207,2020,2,3344,3022
207,2020,3,5326,1982
207,2020,4,6464,1138
208,2020,1,537,537
208,2020,2,668,131
208,2020,3,668,0
208,2020,4,1623,955
209,2020,1,2330,2330
209,2020,2,3242,912
209,2020,3,6604,3362
209,2020,4,7689,1085
210,2020,1,1562,1562
210,2020,2,5519,3957
210,2020,3,9751,4232
210,2020,4,10268,517
211,2020,1,1421,1421
211,2020,2,4577,3156
211,2020,3,9285,4708
211,2020,4,10144,859
212,2020,1,1008,1008
212,2020,2,2963,1955
212,2020,3,7065,4102
212,2020,4,7065,0
213,2020,1,2175,2175
213,2020,2,3879,1704
213,2020,3,4988,1109
213,2020,4,5521,533
214,2020,1,1477,1477
214,2020,2,3419,1942
214,2020,3,5013,1594
214,2020,4,6824,1811
215,2020,1,822,822
215,2020,2,3770,2948
215,2020,3,4843,1073
215,2020,4,5126,283
216,2020,1,3721,3721
216,2020,2,7576,3855
216,2020,3,10006,2430
216,2020,4,10988,982
217,2020,1,2766,2766
217,2020,2,6945,4179
217,2020,3,10271,3326
217,2020,4,10271,0
218,2020,1,208,208
218,2020,2,3534,3326
218,2020,3,9761,6227
218,2020,4,11553,1792
219,2020,1,713,713
219,2020,2,3137,2424
219,2020,3,5672,2535
219,2020,4,6474,802
220,2020,1,307,307
220,2020,2,2480,2173
220,2020,3,4381,1901
220,2020,4,6290,1909
221,2020,1,1412,1412
221,2020,2,2331,919
221,2020,3,3381,1050
221,2020,4,3381,0
222,2020,1,657,657
222,2020,2,3131,2474
222,2020,3,3992,861
222,2020,4,4388,396
223,2020,1,2828,2828
223,2020,2,4324,1496
223,2020,3,8329,4005
223,2020,4,10021,1692
224,2020,1,487,487
224,2020,2,2978,2491
224,2020,3,7091,4113
224,2020,4,7303,212
225,2020,1,280,280
225,2020,2,1627,1347
225,2020,3,2375,748
225,2020,4,2375,0
226,2020,1,3746,3746
226,2020,2,6820,3074
226,2020,3,9503,2683
226,2020,4,10786,1283
227,2020,1,1558,1558
227,2020,2,2879,1321
227,2020,3,4956,2077
227,2020,4,5781,825
228,2020,1,294,294
228,2020,2,841,547
228,2020,3,2312,1471
228,2020,4,2312,0
229,2020,1,621,621
229,2020,2,1618,997
229,2020,3,2533,915
229,2020,4,2533,0
230,2020,1,851,851
230,2020,2,2278,1427
230,2020,3,3716,1438
230,2020,4,3788,72
231,2020,1,480,480
231,2020,2,2250,1770
231,2020,3,3726,1476
231,2020,4,4235,509
232,2020,1,3036,3036
232,2020,2,5776,2740
232,2020,3,7355,1579
232,2020,4,7355,0
233,2020,1,2737,2737
233,2020,2,4908,2171
233,2020,3,5740,832
233,2020,4,5740,0
234,2020,1,2098,2098
234,2020,2,5008,2910
234,2020,3,10726,5718
234,2020,4,10726,0
235,2020,1,3409,3409
235,2020,2,4896,1487
235,2020,3,5456,560
235,2020,4,5456,0
236,2020,1,356,356
236,2020,2,1399,1043
236,2020,3,4738,3339
236,2020,4,5762,1024
237,2020,1,386,386
237,2020,2,1766,1380
237,2020,3,3197,1431
237,2020,4,5276,2079
238,2020,1,990,990
238,2020,2,2014,1024
238,2020,3,2014,0
238,2020,4,3763,1749
239,2020,1,1552,1552
239,2020,2,2268,716
239,2020,3,4584,2316
239,2020,4,5881,1297
240,2020,1,3926,3926
240,2020,2,4280,354
240,2020,3,8178,3898
240,2020,4,8639,461
241,2020,1,302,302
241,2020,2,302,0
241,2020,3,302,0
241,2020,4,302,0
242,2020,1,1597,1597
242,2020,2,4060,2463
242,2020,3,6061,2001
242,2020,4,8966,2905
243,2020,1,862,862
243,2020,2,862,0
243,2020,3,2209,1347
243,2020,4,2209,0
244,2020,1,728,728
244,2020,2,2192,1464
244,2020,3,2370,178
244,2020,4,3423,1053
245,2020,1,76,76
245,2020,2,1133,1057
245,2020,3,4493,3360
245,2020,4,8285,3792
246,2020,1,506,506
246,2020,2,1646,1140
246,2020,3,3771,2125
246,2020,4,6710,2939
247,2020,1,983,983
247,2020,2,2085,1102
247,2020,3,2629,544
247,2020,4,2629,0
248,2020,1,304,304
248,2020,2,1901,1597
248,2020,3,4065,2164
248,2020,4,5870,1805
249,2020,1,336,336
249,2020,2,336,0
249,2020,3,1065,729
249,2020,4,1235,170
250,2020,1,1101,1101
250,2020,2,2950,1849
250,2020,3,5841,2891
250,2020,4,7573,1732
251,2020,1,2318,2318
251,2020,2,4918,2600
251,2020,3,8544,3626
251,2020,4,9197,653
252,2020,1,1675,1675
252,2020,2,1675,0
252,2020,3,1675,0
252,2020,4,1831,156
253,2020,1,2530,2530
253,2020,2,4963,2433
253,2020,3,6529,1566
253,2020,4,8996,2467
254,2020,1,1676,1676
254,2020,2,4595,2919
254,2020,3,8462,3867
254,2020,4,8462,0
255,2020,1,873,873
255,2020,2,1707,834
255,2020,3,2594,887
255,2020,4,2594,0
256,2020,1,1743,1743
256,2020,2,4524,2781
256,2020,3,6558,2034
256,2020,4,8660,2102
257,2020,1,572,572
257,2020,2,3623,3051
257,2020,3,6456,2833
257,2020,4,6960,504
258,2020,1,590,590
258,2020,2,2256,1666
258,2020,3,4389,2133
258,2020,4,5817,1428
259,2020,1,4742,4742
259,2020,2,7215,2473
259,2020,3,8852,1637
259,2020,4,8852,0
260,2020,1,1865,1865
260,2020,2,1865,0
260,2020,3,3813,1948
260,2020,4,3813,0
261,2020,1,746,746
261,2020,2,2086,1340
261,2020,3,3823,1737
261,2020,4,4121,298
262,2020,1,1236,1236
262,2020,2,2765,1529
262,2020,3,6082,3317
262,2020,4,6082,0
263,2020,1,312,312
263,2020,2,512,200
263,2020,3,512,0
263,2020,4,1170,658
264,2020,1,1064,1064
264,2020,2,1989,925
264,2020,3,5916,3927
264,2020,4,6709,793
265,2020,1,1611,1611
265,2020,2,3067,1456
265,2020,3,7016,3949
265,2020,4,7660,644
266,2020,1,651,651
266,2020,2,1455,804
266,2020,3,2123,668
266,2020,4,3488,1365
267,2020,1,1519,1519
267,2020,2,3394,1875
267,2020,3,6964,3570
267,2020,4,9758,2794
268,2020,1,3565,3565
268,2020,2,6147,2582
268,2020,3,7466,1319
268,2020,4,7954,488
269,2020,1,4675,4675
269,2020,2,6703,2028
269,2020,3,8266,1563
269,2020,4,9068,802
270,2020,1,1395,1395
270,2020,2,3637,2242
270,2020,3,5685,2048
270,2020,4,6726,1041
271,2020,1,3160,3160
271,2020,2,5352,2192
271,2020,3,9878,4526
271,2020,4,10796,918
272,2020,1,1640,1640
272,2020,2,4137,2497
272,2020,3,4137,0
272,2020,4,5649,1512
273,2020,1,876,876
273,2020,2,3551,2675
273,2020,3,5230,1679
273,2020,4,6462,1232
274,2020,1,3908,3908
274,2020,2,6990,3082
274,2020,3,8386,1396
274,2020,4,8386,0
275,2020,1,211,211
275,2020,2,1853,1642
275,2020,3,7235,5382
275,2020,4,11007,3772
276,2020,1,3903,3903
276,2020,2,5604,1701
276,2020,3,8378,2774
276,2020,4,8378,0
277,2020,1,615,615
277,2020,2,1411,796
277,2020,3,2757,1346
277,2020,4,2757,0
278,2020,1,1309,1309
278,2020,2,3535,2226
278,2020,3,4142,607
278,2020,4,7050,2908
279,2020,1,1895,1895
279,2020,2,3641,1746
279,2020,3,4619,978
279,2020,4,4699,80
280,2020,1,1581,1581
280,2020,2,3213,1632
280,2020,3,4239,1026
280,2020,4,4239,0
281,2020,1,3044,3044
281,2020,2,6151,3107
281,2020,3,11500,5349
281,2020,4,12312,812
282,2020,1,74,74
282,2020,2,861,787
282,2020,3,2905,2044
282,2020,4,4723,1818
283,2020,1,4579,4579
283,2020,2,6312,1733
283,2020,3,9215,2903
283,2020,4,10639,1424
284,2020,1,257,257
284,2020,2,5420,5163
284,2020,3,9038,3618
284,2020,4,11773,2735
285,2020,1,360,360
285,2020,2,1358,998
285,2020,3,1965,607
285,2020,4,1965,0
286,2020,1,177,177
286,2020,2,183,6
286,2020,3,183,0
286,2020,4,183,0
287,2020,1,658,658
287,2020,2,2419,1761
287,2020,3,5416,2997
287,2020,4,6708,1292
288,2020,1,1920,1920
288,2020,2,3739,1819
288,2020,3,4091,352
288,2020,4,4091,0
289,2020,1,838,838
289,2020,2,3259,2421
289,2020,3,6216,2957
289,2020,4,8019,1803
290,2020,1,2259,2259
290,2020,2,5017,2758
290,2020,3,5939,922
290,2020,4,7979,2040
291,2020,1,930,930
291,2020,2,930,0
291,2020,3,930,0
291,2020,4,1925,995
292,2020,1,3730,3730
292,2020,2,4918,1188
292,2020,3,6724,1806
292,2020,4,6724,0
293,2020,1,1657,1657
293,2020,2,5056,3399
293,2020,3,5914,858
293,2020,4,6644,730
294,2020,1,307,307
294,2020,2,2537,2230
294,2020,3,3387,850
294,2020,4,3387,0
295,2020,1,636,636
295,2020,2,2192,1556
295,2020,3,3232,1040
295,2020,4,4839,1607
296,2020,1,1501,1501
296,2020,2,4654,3153
296,2020,3,5131,477
296,2020,4,6042,911
297,2020,1,2428,2428
297,2020,2,5237,2809
297,2020,3,7490,2253
297,2020,4,7768,278
298,2020,1,2340,2340
298,2020,2,6434,4094
298,2020,3,7801,1367
298,2020,4,8523,722
299,2020,1,2239,2239
299,2020,2,4286,2047
299,2020,3,7974,3688
299,2020,4,7974,0
300,2020,1,672,672
300,2020,2,2333,1661
300,2020,3,6886,4553
300,2020,4,7691,805
301,2020,1,2196,2196
301,2020,2,5981,3785
301,2020,3,9842,3861
301,2020,4,9949,107
302,2020,1,1785,1785
302,2020,2,3419,1634
302,2020,3,5736,2317
302,2020,4,6351,615
303,2020,1,534,534
303,2020,2,2379,1845
303,2020,3,5533,3154
303,2020,4,7310,1777
304,2020,1,1544,1544
304,2020,2,3520,1976
304,2020,3,6480,2960
304,2020,4,7615,1135
305,2020,1,784,784
305,2020,2,1649,865
305,2020,3,3440,1791
305,2020,4,3440,0
306,2020,1,402,402
306,2020,2,402,0
306,2020,3,3684,3282
306,2020,4,10383,6699
307,2020,1,1422,1422
307,2020,2,3550,2128
307,2020,3,5059,1509
307,2020,4,5522,463
308,2020,1,2125,2125
308,2020,2,3002,877
308,2020,3,5206,2204
308,2020,4,6183,977
309,2020,1,2353,2353
309,2020,2,6230,3877
309,2020,3,8119,1889
309,2020,4,9348,1229
310,2020,1,860,860
310,2020,2,1564,704
310,2020,3,4474,2910
310,2020,4,4474,0
311,2020,1,2298,2298
311,2020,2,4208,1910
311,2020,3,6169,1961
311,2020,4,6683,514
312,2020,1,485,485
312,2020,2,2540,2055
312,2020,3,4395,1855
312,2020,4,5648,1253
313,2020,1,901,901
313,2020,2,1606,705
313,2020,3,3889,2283
313,2020,4,5560,1671
314,2020,1,448,448
314,2020,2,1529,1081
314,2020,3,2253,724
314,2020,4,3519,1266
315,2020,1,1295,1295
315,2020,2,1349,54
315,2020,3,2287,938
315,2020,4,2287,0
316,2020,1,184,184
316,2020,2,2851,2667
316,2020,3,4195,1344
316,2020,4,4195,0
317,2020,1,869,869
317,2020,2,1232,363
317,2020,3,1232,0
317,2020,4,1469,237
318,2020,1,1119,1119
318,2020,2,1782,663
318,2020,3,3088,1306
318,2020,4,3088,0
319,2020,1,83,83
319,2020,2,869,786
319,2020,3,2296,1427
319,2020,4,2296,0
320,2020,1,2426,2426
320,2020,2,5187,2761
320,2020,3,5933,746
320,2020,4,6545,612
321,2020,1,243,243
321,2020,2,1085,842
321,2020,3,1085,0
321,2020,4,1870,785
322,2020,1,1949,1949
322,2020,2,4433,2484
322,2020,3,5835,1402
322,2020,4,5835,0
323,2020,1,1323,1323
323,2020,2,4526,3203
323,2020,3,7022,2496
323,2020,4,8763,1741
324,2020,1,1839,1839
324,2020,2,2603,764
324,2020,3,4444,1841
324,2020,4,4444,0
325,2020,1,60,60
325,2020,2,1998,1938
325,2020,3,4668,2670
325,2020,4,4668,0
326,2020,1,1167,1167
326,2020,2,1795,628
326,2020,3,1795,0
326,2020,4,1795,0
327,2020,1,919,919
327,2020,2,919,0
327,2020,3,3250,2331
327,2020,4,3250,0
328,2020,1,2018,2018
328,2020,2,4212,2194
328,2020,3,8965,4753
328,2020,4,10273,1308
329,2020,1,831,831
329,2020,2,2802,1971
329,2020,3,3430,628
329,2020,4,5334,1904
330,2020,1,826,826
330,2020,2,3091,2265
330,2020,3,7390,4299
330,2020,4,8198,808
331,2020,1,2842,2842
331,2020,2,5515,2673
331,2020,3,7267,1752
331,2020,4,7267,0
332,2020,1,986,986
332,2020,2,5013,4027
332,2020,3,6896,1883
332,2020,4,8430,1534
333,2020,1,2963,2963
333,2020,2,4453,1490
333,2020,3,6919,2466
333,2020,4,7272,353
334,2020,1,1177,1177
334,2020,2,2724,1547
334,2020,3,3519,795
334,2020,4,4330,811
335,2020,1,756,756
335,2020,2,2114,1358
335,2020,3,4173,2059
335,2020,4,4173,0
336,2020,1,543,543
336,2020,2,1681,1138
336,2020,3,2411,730
336,2020,4,2875,464
337,2020,1,1426,1426
337,2020,2,2308,882
337,2020,3,3906,1598
337,2020,4,4364,458
338,2020,1,1498,1498
338,2020,2,4003,2505
338,2020,3,6469,2466
338,2020,4,7972,1503
339,2020,1,1386,1386
339,2020,2,5150,3764
339,2020,3,6709,1559
339,2020,4,6709,0
340,2020,1,1198,1198
340,2020,2,4744,3546
340,2020,3,9549,4805
340,2020,4,10380,831
341,2020,1,345,345
341,2020,2,1717,1372
341,2020,3,2993,1276
341,2020,4,3368,375
342,2020,1,347,347
342,2020,2,2919,2572
342,2020,3,5601,2682
342,2020,4,7487,1886
343,2020,1,2251,2251
343,2020,2,3743,1492
343,2020,3,5595,1852
343,2020,4,5595,0
344,2020,1,3300,3300
344,2020,2,8029,4729
344,2020,3,11173,3144
344,2020,4,11173,0
345,2020,1,2406,2406
345,2020,2,2956,550
345,2020,3,4594,1638
345,2020,4,4594,0
346,2020,1,916,916
346,2020,2,2884,1968
346,2020,3,2884,0
346,2020,4,8102,5218
347,2020,1,858,858
347,2020,2,2027,1169
347,2020,3,5096,3069
347,2020,4,5096,0
348,2020,1,823,823
348,2020,2,1708,885
348,2020,3,2885,1177
348,2020,4,4778,1893
349,2020,1,1990,1990
349,2020,2,3906,1916
349,2020,3,8109,4203
349,2020,4,8764,655
350,2020,1,2200,2200
350,2020,2,3842,1642
350,2020,3,6852,3010
350,2020,4,7911,1059
351,2020,1,2554,2554
351,2020,2,4633,2079
351,2020,3,4960,327
351,2020,4,4960,0
352,2020,1,416,416
352,2020,2,2444,2028
352,2020,3,4180,1736
352,2020,4,5433,1253
353,2020,1,2465,2465
353,2020,2,3729,1264
353,2020,3,6508,2779
353,2020,4,6508,0
354,2020,1,822,822
354,2020,2,822,0
354,2020,3,1486,664
354,2020,4,1486,0
355,2020,1,979,979
355,2020,2,2462,1483
355,2020,3,3405,943
355,2020,4,4950,1545
356,2020,1,4220,4220
356,2020,2,6279,2059
356,2020,3,8868,2589
356,2020,4,11138,2270
357,2020,1,780,780
357,2020,2,1150,370
357,2020,3,1532,382
357,2020,4,2216,684
358,2020,1,2086,2086
358,2020,2,2529,443
358,2020,3,4605,2076
358,2020,4,4780,175
359,2020,1,1232,1232
359,2020,2,1706,474
359,2020,3,4251,2545
359,2020,4,4532,281
360,2020,1,3174,3174
360,2020,2,6077,2903
360,2020,3,7967,1890
360,2020,4,10806,2839
361,2020,1,1254,1254
361,2020,2,1686,432
361,2020,3,1686,0
361,2020,4,1686,0
362,2020,1,416,416
362,2020,2,481,65
362,2020,3,1526,1045
362,2020,4,2705,1179
363,2020,1,977,977
363,2020,2,3174,2197
363,2020,3,6153,2979
363,2020,4,6332,179
364,2020,1,1183,1183
364,2020,2,3702,2519
364,2020,3,6899,3197
364,2020,4,8335,1436
365,2020,1,1258,1258
365,2020,2,3086,1828
365,2020,3,4783,1697
365,2020,4,6406,1623
366,2020,1,1981,1981
366,2020,2,7963,5982
366,2020,3,9175,1212
366,2020,4,9384,209
367,2020,1,239,239
367,2020,2,3297,3058
367,2020,3,5931,2634
367,2020,4,7623,1692
368,2020,1,1280,1280
368,2020,2,5144,3864
368,2020,3,8466,3322
368,2020,4,9850,1384
369,2020,1,486,486
369,2020,2,486,0
369,2020,3,2931,2445
369,2020,4,2931,0
370,2020,1,3021,3021
370,2020,2,5537,2516
370,2020,3,6901,1364
370,2020,4,8280,1379
371,2020,1,1190,1190
371,2020,2,3240,2050
371,2020,3,4857,1617
371,2020,4,6095,1238
372,2020,1,3374,3374
372,2020,2,6857,3483
372,2020,3,10885,4028
372,2020,4,10885,0
373,2020,1,699,699
373,2020,2,915,216
373,2020,3,1695,780
373,2020,4,3839,2144
374,2020,1,3171,3171
374,2020,2,4202,1031
374,2020,3,6370,2168
374,2020,4,6370,0
375,2020,1,647,647
375,2020,2,2670,2023
375,2020,3,3498,828
375,2020,4,4349,851
376,2020,1,2890,2890
376,2020,2,7615,4725
376,2020,3,11512,3897
376,2020,4,11512,0
377,2020,1,1220,1220
377,2020,2,1654,434
377,2020,3,1654,0
377,2020,4,3523,1869
378,2020,1,856,856
378,2020,2,4042,3186
378,2020,3,5582,1540
378,2020,4,5582,0
379,2020,1,937,937
379,2020,2,2378,1441
379,2020,3,2378,0
379,2020,4,3316,938
380,2020,1,1919,1919
380,2020,2,4677,2758
380,2020,3,7012,2335
380,2020,4,7012,0
381,2020,1,66,66
381,2020,2,992,926
381,2020,3,2620,1628
381,2020,4,4383,1763
382,2020,1,1157,1157
382,2020,2,3397,2240
382,2020,3,5099,1702
382,2020,4,5099,0
383,2020,1,1814,1814
383,2020,2,2785,971
383,2020,3,4337,1552
383,2020,4,6987,2650
384,2020,1,714,714
384,2020,2,5660,4946
384,2020,3,8747,3087
384,2020,4,8747,0
385,2020,1,2344,2344
385,2020,2,2344,0
385,2020,3,6533,4189
385,2020,4,6701,168
386,2020,1,1108,1108
386,2020,2,1457,349
386,2020,3,3960,2503
386,2020,4,7687,3727
387,2020,1,1069,1069
387,2020,2,1069,0
387,2020,3,2551,1482
387,2020,4,4264,1713
388,2020,1,2243,2243
388,2020,2,3360,1117
388,2020,3,3832,472
388,2020,4,4054,222
389,2020,1,2087,2087
389,2020,2,4858,2771
389,2020,3,5582,724
389,2020,4,6373,791
390,2020,1,909,909
390,2020,2,2242,1333
390,2020,3,4967,2725
390,2020,4,7309,2342
391,2020,1,1301,1301
391,2020,2,2168,867
391,2020,3,4678,2510
391,2020,4,6014,1336
392,2020,1,936,936
392,2020,2,2154,1218
392,2020,3,2690,536
392,2020,4,3591,901
393,2020,1,659,659
393,2020,2,1396,737
393,2020,3,6218,4822
393,2020,4,7079,861
394,2020,1,4292,4292
394,2020,2,8608,4316
394,2020,3,9832,1224
394,2020,4,9832,0
395,2020,1,1932,1932
395,2020,2,2800,868
395,2020,3,4677,1877
395,2020,4,5497,820
396,2020,1,3713,3713
396,2020,2,5422,1709
396,2020,3,8210,2788
396,2020,4,8210,0
397,2020,1,973,973
397,2020,2,1106,133
397,2020,3,1855,749
397,2020,4,1855,0
398,2020,1,3513,3513
398,2020,2,6255,2742
398,2020,3,11249,4994
398,2020,4,11249,0
399,2020,1,967,967
399,2020,2,2071,1104
399,2020,3,4866,2795
399,2020,4,5095,229
400,2020,1,1227,1227
400,2020,2,1937,710
400,2020,3,1937,0
400,2020,4,3684,1747
401,2020,1,1810,1810
401,2020,2,1937,127
401,2020,3,3755,1818
401,2020,4,3755,0
402,2020,1,1732,1732
402,2020,2,1943,211
402,2020,3,2746,803
402,2020,4,2746,0
403,2020,1,1459,1459
403,2020,2,1459,0
403,2020,3,2305,846
403,2020,4,2365,60
404,2020,1,4683,4683
404,2020,2,7405,2722
404,2020,3,10352,2947
404,2020,4,10352,0
405,2020,1,4683,4683
405,2020,2,7001,2318
405,2020,3,11238,4237
405,2020,4,11426,188
406,2020,1,795,795
406,2020,2,2117,1322
406,2020,3,3811,1694
406,2020,4,5913,2102
407,2020,1,1649,1649
407,2020,2,2896,1247
407,2020,3,3842,946
407,2020,4,6217,2375
408,2020,1,1173,1173
408,2020,2,1173,0
408,2020,3,2118,945
408,2020,4,3050,932
409,2020,1,155,155
409,2020,2,3351,3196
409,2020,3,6283,2932
409,2020,4,8239,1956
410,2020,1,1367,1367
410,2020,2,2193,826
410,2020,3,3430,1237
410,2020,4,3430,0
411,2020,1,551,551
411,2020,2,551,0
411,2020,3,551,0
411,2020,4,2083,1532
412,2020,1,1206,1206
412,2020,2,1320,114
412,2020,3,1320,0
412,2020,4,1320,0
413,2020,1,2228,2228
413,2020,2,5350,3122
413,2020,3,5350,0
413,2020,4,5621,271
414,2020,1,1873,1873
414,2020,2,1873,0
414,2020,3,3352,1479
414,2020,4,3352,0
415,2020,1,1105,1105
415,2020,2,2022,917
415,2020,3,6681,4659
415,2020,4,6681,0
416,2020,1,756,756
416,2020,2,5679,4923
416,2020,3,9594,3915
416,2020,4,10674,1080
417,2020,1,3337,3337
417,2020,2,6707,3370
417,2020,3,7486,779
417,2020,4,7793,307
418,2020,1,3065,3065
418,2020,2,7804,4739
418,2020,3,9378,1574
418,2020,4,10354,976
419,2020,1,1627,1627
419,2020,2,3625,1998
419,2020,3,5028,1403
419,2020,4,5028,0
420,2020,1,582,582
420,2020,2,2475,1893
420,2020,3,3627,1152
420,2020,4,5502,1875
421,2020,1,1151,1151
421,2020,2,2027,876
421,2020,3,2261,234
421,2020,4,3336,1075
422,2020,1,356,356
422,2020,2,4853,4497
422,2020,3,8238,3385
422,2020,4,11259,3021
423,2020,1,361,361
423,2020,2,1272,911
423,2020,3,3603,2331
423,2020,4,3603,0
424,2020,1,2585,2585
424,2020,2,8760,6175
424,2020,3,12150,3390
424,2020,4,12776,626
425,2020,1,553,553
425,2020,2,3147,2594
425,2020,3,3709,562
425,2020,4,4487,778
426,2020,1,1904,1904
426,2020,2,4840,2936
426,2020,3,5930,1090
426,2020,4,6930,1000
427,2020,1,588,588
427,2020,2,2727,2139
427,2020,3,4598,1871
427,2020,4,6924,2326
428,2020,1,280,280
428,2020,2,1767,1487
428,2020,3,2297,530
428,2020,4,2297,0
429,2020,1,82,82
429,2020,2,1353,1271
429,2020,3,2384,1031
429,2020,4,3239,855
430,2020,1,1666,1666
430,2020,2,2741,1075
430,2020,3,4470,1729
430,2020,4,4470,0
431,2020,1,918,918
431,2020,2,1657,739
431,2020,3,1657,0
431,2020,4,1657,0
432,2020,1,2026,2026
432,2020,2,5900,3874
432,2020,3,7737,1837
432,2020,4,10339,2602
433,2020,1,883,883
433,2020,2,1936,1053
433,2020,3,2562,626
433,2020,4,2562,0
434,2020,1,2673,2673
434,2020,2,5725,3052
434,2020,3,10134,4409
434,2020,4,10967,833
435,2020,1,6169,6169
435,2020,2,7460,1291
435,2020,3,10210,2750
435,2020,4,10210,0
436,2020,1,917,917
436,2020,2,948,31
436,2020,3,2510,1562
436,2020,4,2510,0
437,2020,1,2231,2231
437,2020,2,3407,1176
437,2020,3,3798,391
437,2020,4,3982,184
438,2020,1,2529,2529
438,2020,2,4529,2000
438,2020,3,6465,1936
438,2020,4,6465,0
439,2020,1,430,430
439,2020,2,430,0
439,2020,3,1451,1021
439,2020,4,2150,699
440,2020,1,213,213
440,2020,2,482,269
440,2020,3,1308,826
440,2020,4,1308,0
441,2020,1,1165,1165
441,2020,2,3009,1844
441,2020,3,6225,3216
441,2020,4,7612,1387
442,2020,1,1904,1904
442,2020,2,4944,3040
442,2020,3,9856,4912
442,2020,4,13201,3345
443,2020,1,760,760
443,2020,2,2008,1248
443,2020,3,4199,2191
443,2020,4,4547,348
444,2020,1,1255,1255
444,2020,2,2516,1261
444,2020,3,5293,2777
444,2020,4,5614,321
445,2020,1,2634,2634
445,2020,2,4876,2242
445,2020,3,5902,1026
445,2020,4,8594,2692
446,2020,1,412,412
446,2020,2,412,0
446,2020,3,1621,1209
446,2020,4,2079,458
447,2020,1,2853,2853
447,2020,2,4007,1154
447,2020,3,5386,1379
447,2020,4,5386,0
448,2020,1,1360,1360
448,2020,2,4761,3401
448,2020,3,6880,2119
448,2020,4,10942,4062
449,2020,1,3804,3804
449,2020,2,6124,2320
449,2020,3,7007,883
449,2020,4,7007,0
450,2020,1,3077,3077
450,2020,2,3705,628
450,2020,3,4283,578
450,2020,4,4984,701
451,2020,1,910,910
451,2020,2,3133,2223
451,2020,3,3801,668
451,2020,4,5114,1313
452,2020,1,1360,1360
452,2020,2,4176,2816
452,2020,3,5049,873
452,2020,4,5049,0
453,2020,1,638,638
453,2020,2,2341,1703
453,2020,3,3747,1406
453,2020,4,4713,966
454,2020,1,2013,2013
454,2020,2,4165,2152
454,2020,3,7429,3264
454,2020,4,7429,0
455,2020,1,329,329
455,2020,2,329,0
455,2020,3,1543,1214
455,2020,4,1543,0
456,2020,1,1314,1314
456,2020,2,6570,5256
456,2020,3,10061,3491
456,2020,4,10534,473
457,2020,1,1119,1119
457,2020,2,2148,1029
457,2020,3,3806,1658
457,2020,4,4744,938
458,2020,1,715,715
458,2020,2,2083,1368
458,2020,3,2083,0
458,2020,4,2083,0
459,2020,1,1468,1468
459,2020,2,5456,3988
459,2020,3,6322,866
459,2020,4,6322,0
460,2020,1,80,80
460,2020,2,2674,2594
460,2020,3,4645,1971
460,2020,4,5493,848
461,2020,1,4065,4065
461,2020,2,6245,2180
461,2020,3,6464,219
461,2020,4,6464,0
462,2020,1,1331,1331
462,2020,2,4028,2697
462,2020,3,6357,2329
462,2020,4,9201,2844
463,2020,1,1166,1166
463,2020,2,3502,2336
463,2020,3,6409,2907
463,2020,4,6802,393
464,2020,1,953,953
464,2020,2,953,0
464,2020,3,2417,1464
464,2020,4,3400,983
465,2020,1,955,955
465,2020,2,3589,2634
465,2020,3,4072,483
465,2020,4,4228,156
466,2020,1,80,80
466,2020,2,2425,2345
466,2020,3,2685,260
466,2020,4,2685,0
467,2020,1,3022,3022
467,2020,2,6180,3158
467,2020,3,9920,3740
467,2020,4,11484,1564
468,2020,1,1839,1839
468,2020,2,3449,1610
468,2020,3,4291,842
468,2020,4,4291,0
469,2020,1,386,386
469,2020,2,3421,3035
469,2020,3,7288,3867
469,2020,4,8023,735
470,2020,1,1507,1507
470,2020,2,2195,688
470,2020,3,2195,0
470,2020,4,2195,0
471,2020,1,781,781
471,2020,2,781,0
471,2020,3,1238,457
471,2020,4,1887,649
472,2020,1,1865,1865
472,2020,2,2965,1100
472,2020,3,5136,2171
472,2020,4,9780,4644
473,2020,1,3315,3315
473,2020,2,3996,681
473,2020,3,7530,3534
473,2020,4,9672,2142
474,2020,1,928,928
474,2020,2,1717,789
474,2020,3,2115,398
474,2020,4,2115,0
475,2020,1,4253,4253
475,2020,2,6092,1839
475,2020,3,10391,4299
475,2020,4,10391,0
476,2020,1,1260,1260
476,2020,2,4859,3599
476,2020,3,7323,2464
476,2020,4,12490,5167
477,2020,1,3236,3236
477,2020,2,4794,1558
477,2020,3,7988,3194
477,2020,4,7988,0
478,2020,1,1414,1414
478,2020,2,4404,2990
478,2020,3,5573,1169
478,2020,4,5573,0
479,2020,1,320,320
479,2020,2,967,647
479,2020,3,1807,840
479,2020,4,1807,0
480,2020,1,522,522
480,2020,2,522,0
480,2020,3,1279,757
480,2020,4,2315,1036
481,2020,1,1480,1480
481,2020,2,2989,1509
481,2020,3,5172,2183
481,2020,4,5172,0
482,2020,1,2490,2490
482,2020,2,3975,1485
482,2020,3,5370,1395
482,2020,4,5370,0
483,2020,1,2110,2110
483,2020,2,2110,0
483,2020,3,6609,4499
483,2020,4,8128,1519
484,2020,1,871,871
484,2020,2,871,0
484,2020,3,1908,1037
484,2020,4,1908,0
485,2020,1,1032,1032
485,2020,2,2523,1491
485,2020,3,4822,2299
485,2020,4,4822,0
486,2020,1,2456,2456
486,2020,2,3074,618
486,2020,3,3932,858
486,2020,4,3932,0
487,2020,1,1442,1442
487,2020,2,5206,3764
487,2020,3,5356,150
487,2020,4,6794,1438
488,2020,1,851,851
488,2020,2,1391,540
488,2020,3,2100,709
488,2020,4,2321,221
489,2020,1,556,556
489,2020,2,3014,2458
489,2020,3,5728,2714
489,2020,4,8146,2418
490,2020,1,271,271
490,2020,2,1094,823
490,2020,3,1094,0
490,2020,4,1412,318
491,2020,1,1925,1925
491,2020,2,3538,1613
491,2020,3,7939,4401
491,2020,4,7939,0
492,2020,1,4594,4594
492,2020,2,5281,687
492,2020,3,6613,1332
492,2020,4,6613,0
493,2020,1,845,845
493,2020,2,2860,2015
493,2020,3,2860,0
493,2020,4,4610,1750
494,2020,1,529,529
494,2020,2,1481,952
494,2020,3,2019,538
494,2020,4,2019,0
495,2020,1,1152,1152
495,2020,2,2368,1216
495,2020,3,3717,1349
495,2020,4,3717,0
496,2020,1,47,47
496,2020,2,3170,3123
496,2020,3,3820,650
496,2020,4,3820,0
497,2020,1,754,754
497,2020,2,1585,831
497,2020,3,2321,736
497,2020,4,3264,943
498,2020,1,1360,1360
498,2020,2,2195,835
498,2020,3,4389,2194
498,2020,4,4888,499
499,2020,1,3104,3104
499,2020,2,6111,3007
499,2020,3,8435,2324
499,2020,4,8435,0
500,2020,1,3566,3566
500,2020,2,5051,1485
500,2020,3,9843,4792
500,2020,4,9843,0
