home_depot_poi_id,distance_miles
08f0c5552a199a9e03347e4f46a7ae76,60.232
08f0c73381828a6a03d07f6c58616028,0.1718
08f0c73388b4accc03f361238b782fac,1.732
08f0c733a131aa0b03bec7be9591968b,3.3075
08f0c73ba6062ce803c8f68e1aa6120e,1.1273
08f0d5a91392c49e03e7fb291830ca87,0.4116
08f12d9409c6b4a603e907ced51c537b,43.7267
08f12db0c31312ab0327d3c83785f426,1.6456
08f12db3456683a503f9393b3c910ba3,1.0473
08f12db38dac660903c18fb699e75dda,3.3889
08f12db76cd2b624038a98ac8873bb39,0.3779
08f139e1135844c403659d7eedac9b44,559.6339
08f2600b088468ca033922c88e3bb56a,0.5259
08f26017766f401e03ec7fbe4200e2a9,3.8267
08f2608c9804174c0355262fed0baa4a,9.7164
08f260a10e2807530337229176f99c30,40.2789
08f260a13095acc0036416099bb535a3,36.5331
08f260ba45373a7103caa3afd7dc8d6e,0.3512
08f260d815b3052b030471092e410414,3.6096
08f260d8189057ac03f1450b3caf06cf,0.8724
08f260d84669c29a039695044d5c23d7,9.8253
08f260d9730e542903cbc91eebea3d6d,12.6371
08f260e20e3548a603a5dcef537b6a44,0.3247
08f260e25b00d445039f0638aa602134,1.4525
08f260e275d61a8e03c4be5207181d78,2.9725
08f260e2ec80695b0385a4f8496d5161,4.8839
08f261d692cce0840373a28386c427f6,115.3601
08f2620d930b264c03acbc71fbd26d43,53.8207
08f26214aea4301803e4dfd181336e78,76.0095
08f2621849d5917103b3bf8321864c80,22.3641
08f26219826d4ab103667b6129c01b45,49.5926
08f2621a6883205e035f8670394b9ebe,1.9209
08f2621b41c2187603bc39efdd5e5f24,4.2783
08f26251b68c6592037034b535309dfd,91.1841
08f2626c63868c5d03741e1f2cd37d0a,0.7788
08f2628885d059050397842211e8be7c,30.872
08f26290c1933bb303e5dc5a82dc6429,0.7539
08f262cc2275b91c035e1cfbf0a20ea0,2.7258
08f262cd116046840314df1b176fc239,6.2688
08f262cd296444400387cff8011e7825,10.162
08f262cd2ba545460315c82d9767d6f3,10.162
08f262cd2da538820345fc2530435b45,8.1599
08f262cd4ac64c44036ee8b01795709e,12.6343
08f262cd5e1966730364cd8a2b6b746a,9.2503
08f262cd642d1bb103f1360ef493bf43,5.0975
08f262cd83c24a5003eff89623049e56,7.5463
08f262dd9e41974a036955da3d37c889,7.9145
08f262eb016b5b5a03b8f7ebb6cceca4,35.2757
08f264058e492d6a038244805e4acc33,1.7411
08f26405a5baca5d03d6cf72e629c9be,4.6196
08f2640c0202da0b03efc27fe659def6,5.9706
08f2640cc0742192034f9017e08f2066,5.1558
08f2640ce592e215032546049d6eeba5,1.5665
08f2640d0adad6f503aef6b13ed4a3da,0.1599
08f26412993a429b03bfe2e02588fe46,0.5418
08f2641cc1a491930392014eff0d60a3,11.5619
08f2642b258ac40c03f83b55ee862262,0.3202
08f264625a9630de035bc666627b86ec,0.6881
08f264626341cb11035cb3f25abc916d,0.6298
08f264626d42ac6b0330ffa7436d4498,3.1838
08f26462a884ab4103f6fa0e9d9221f7,0.2294
08f26462d4d692b3035fb632ce82c15f,3.7256
08f26462e1c2457503973ed449592fae,2.8603
08f26463539969ab03912216b6216b6f,1.4447
08f264635b92bd6e03e3e845f8477f39,5.0018
08f2646366223876030fc28ae0f2506e,7.8401
08f264636e9068c2034e4ac9dbefb8c2,8.8544
08f264638b58a47403e3ea547f098771,4.6564
08f264639e8748cd03ead5e4f365231d,0.4357
08f26463a968da6103a949e002e2463e,1.8065
08f2646770648336036d40ed24ff8cb7,0.358
08f2646a53b73930039d83ee8fe14467,0.3249
08f2649285d894440303d074197de806,0.8754
08f264932cd4e72b03018e78aa8121d1,0.406
08f26494c2d1b50603f2c00e3314a0c7,0.7551
08f264989a06429d038d711e6add4c46,27.268
08f2649acc033d1403d17fdeef9c26c1,2.3617
08f264a50972ab5603de03cb826049fe,24.3114
08f264a680476ba8030aa67dd447f3b5,0.3912
08f264a841ceec8a03c9aaf992e2ab24,0.5223
08f264b6a3cb19490313810b4fb49133,1.1774
08f264cac159591e03111f15910575f1,0.5042
08f264d01d84d89d03477f5ea5687d42,1.44
08f264d0e674121103081bbb53474c07,2.4403
08f264d11da1e14003733bd34ab6d7ae,5.1135
08f264d155ad288a03693356c01bea3f,2.5405
08f264d19dc0b8750350dd96c1a7a5e8,4.7191
08f264d7723b5c700390d160769b1130,1.7503
08f264d8112b31690328b096111b3485,6.8445
08f264d8856cb613038a8cb0abe3c4d9,1.0519
08f264d899b5c05b03bd826496346c5b,2.0353
08f264d8c66c625d030847f1df0a5b96,0.1099
08f264dab2898c0d03caf98db3c860e7,0.4669
08f264dad48808d103b13aa96b381ce0,0.4512
08f264db36b2675e037570b44005e003,10.7744
08f2651c344ca47203b352f72c59a9ef,0.5852
08f265330ea706f603a5a179a717fc09,0.5845
08f2655ceb10b32103b00ed283f331d1,0.9732
08f265603562e12d03e0565ffa3c06ec,0.327
08f265604bc70370036d90456b0e28a3,5.7856
08f265608b2630890379a105b298da87,3.795
08f26560a1414a4d0300554f0095d4f2,0.45
08f26560e816b19803f24c4f3be7339b,1.8052
08f265619e28806e03f2b89a6e373533,0.3933
08f2656398d8002d031b2f79f721660c,3.4071
08f265642594131b0355113babe2d8ad,13.4031
08f2656622040aea0336e237a4a75f30,3.9997
08f26566365a2a0003ba0a08a80c38e9,2.3625
08f26566a5760d540324c0c04b05f2a1,3.599
08f265671679909803fb9192c527eca5,0.5857
08f265671d03322a031684e1d993abc1,0.2878
08f2656733b4bd2d0332f16ec6698945,2.6677
08f26567592de383039046864d8b46c4,1.7309
08f265677096979a036afbf17ddbdb6d,5.9164
08f26580d445eb3503fd4272a52a95dd,35.7172
08f2659a045660aa03c8c3775e5e89b9,5.465
08f2659a4e09d004032942572b19f173,0.6772
08f2659a600d440803247f358920b757,1.7932
08f2659ac5a4101303e6d6f03ba9ca16,0.5637
08f2659b5ac55a1403576df395fdd9c1,2.8227
08f2659b6065174b03a1e9fcd65e0682,0.7325
08f2659b7251a12b034dd3c2d4bdeb52,4.3032
08f265a25199c2300315033df1714c16,2.4155
08f265b40eb68b88038b3021b6bdfad9,0.2205
08f265b48161e9140372f0d25f708263,0.8346
08f265b4d2082b6b037b18c5dff313d0,5.6578
08f265bccac9d150039c04a23107d936,7.3183
08f265d6820757aa03aed660026fd001,1.8732
08f265dd2e984601034ade82e72e8217,46.5548
08f265e236c5bd1e03099fa3c644f89a,0.3065
08f265e4a6716d5003dd8875db3cdc5d,4.1502
08f2661a5ec1e82e0300806264d42882,3.1979
08f2661a62592a6e032365f0cd600a9d,2.3712
08f2661b32c34b40038ffdc53dc56f6f,1.6079
08f2661b6204b269038b5d8c8ffbf78c,0.474
08f2661ba9198833033f25feba486a38,3.3252
08f2661c5eb9345403f67fa98c2e94ef,28.0559
08f26628d1d8442a036b555c32d8fe13,2.6202
08f266308b699ca10386c72551f589dd,45.586
08f2663d254c155e038b136504571868,0.4241
08f266405649879903c56ad5b95c907c,1.0586
08f26640a44002750378b9461d9eeda8,5.5895
08f26640abc986c503607109658c7779,0.6474
08f26640b09129b40356197a8f043f16,7.039
08f2664428ba60e8031e004d1d93e1d0,2.7011
08f2664433749420031d29a517f7bfb0,4.6236
08f266444475a14a03bd1518db51ce22,8.881
08f2664456cd214503d341beff198f96,3.8814
08f2664490ac87530356f5967a5b15ab,8.0984
08f266450c28959d0389ddefeb311c82,3.4599
08f266452939e82603852790f285a5fe,1.9406
08f266452c4421700374a9b3b5e3bf07,1.0371
08f26645330d4921038436d1b0562ea9,7.1004
08f266454978d76403afbfdbfdad41f8,9.2501
08f266455490ab0d03879394d50d1108,5.048
08f26645936e8ca9039e7b224c7c874f,0.2466
08f26645a3c5436603314095811fbf1d,7.767
08f26645b1babae80373fefaa77b380a,6.3793
08f2664a91a86628032fe1a16fbc4d46,14.905
08f2664c104542cc032de3539e2c1f93,1.996
08f2664c12488c1003e78ed003473817,1.6617
08f2664c1340e66e0356e7e406adf16c,0.6476
08f2664c1a6eeb2e03979ab7505ac85e,3.1362
08f2664c84b002b303f78de8f1146478,2.4553
08f2664c88470bb203903c5d0e7598b8,5.928
08f2664c9ad8c72503299ec8c27c2658,5.9876
08f2664ca081b61303c993ae5a66ad81,3.5005
08f2664cb3b75ccb03b5530a3cca227a,0.1634
08f2664cd4b9518303dce022df7716f1,5.2176
08f2664cdd3338f60335a62383fbf284,0.2534
08f2664d802932aa03b5bffda6ed9319,1.3619
08f2664d930949320346af6ee97555ec,4.2814
08f2664d9db9dae9036f9a732f2f2232,1.1029
08f2665001c61a70038fd3daa84dd85a,24.0163
08f26656814b601603997369737624d5,0.8407
08f26665598f2ab503463213531937f0,45.6323
08f2666806213b0403bdd2a1b054c5b8,14.2227
08f2666869d8440a0359c7326bd2806c,11.7388
08f2666903b250090358917d5f949078,8.2343
08f266692455ab9b033404c3c5e2d759,2.2435
08f2666950081a92039fb98aa95776f8,6.8339
08f2666966aae8b60395be50b46a6e99,0.444
08f2668351c3022503a15aabaa8a9964,0.374
08f266886682856e03488d39a7b31f89,0.8008
08f266887298bc2c033f7b9263c8a859,4.9189
08f2668b02388146033e9c1d3d21d9f8,4.8995
08f2668ba2721ba603144af9461eaeef,0.2773
08f266a1065706f203c5a59e6ee47e5b,0.8998
08f266a1b1d2e85a034f74472bf93ec7,0.3604
08f266aa8cd42626039874963d5aae3b,0.7278
08f266b0734518f503f5c250ef138412,0.6058
08f266c01b176ae503f2dd6cf993ee78,17.6082
08f266d32c16c9b0034ee4a34ff333af,3.2732
08f266d48a2ae4690334001c81d48d64,2.0704
08f266d49800ec8103c41e41c31e598c,2.5638
08f266d4a3390c53034b4897d901650a,1.4678
08f266dadca2a3a103bad638b03e7581,0.5819
08f266e208c3515c0305f85483916c6d,35.55
08f267120372e83303dd5bc0bf5a0085,28.8176
08f26722236236310332a47b3e4604a9,59.932
08f2673b138daa86032935df3edd2cd0,0.4205
08f267452996d69e03136ede24e33de2,3.1157
08f267536a1616ec03f05d3b2c0d5565,2.6251
08f2675d8cb9aba00350e6614470144c,1.4059
08f268136525ac5903d9eb59dfbb2c4b,4.2133
08f26813722e64ae03b0e4fd456bf0ca,11.617
08f2681a0c8e0a73031d47a66343a8af,5.1332
08f2681a31559d3403c1795f4963c02e,8.0771
08f2681a44cd607403eb716c5fd9d13a,4.0359
08f2681a5c0751250377645004eed7ae,1.0765
08f2681a6a34939a03173979079dc89d,0.6127
08f2681b2c68a949038f7a531d0a01dc,1.8469
08f2681b48365db203b202cb3e6a786b,3.5303
08f2683b08112d2d03ee66d879a285df,22.5908
08f2685b6aac90dc03d84039427934e5,3.7019
08f268810d4983b40373ff9ca6183222,0.7224
08f2688c8e1264350334f1c91eb8fe41,31.5474
08f268c600d167a803b2d9d47e38ddd4,2.5581
08f268c62ea2aa29030bb830c70fabea,2.326
08f268c6e5534302035a2c479119b2e9,0.6728
08f268c6f132d72e03ceba3a877ec693,4.6499
08f268c7139858750307e715bc654444,8.5023
08f268cc0e68b0d6036b40ba9644de1e,5.241
08f268cc252702d10322a522a2ceb84c,2.4921
08f268cc2b2d19b10371d76c8a7545f4,1.6265
08f268cc308348b403598cc74e6162d2,3.8473
08f268cc5eb1dc230327b9b879f14e65,1.4679
08f268cc6299497103ab59a9af0b8bc3,0.8995
08f268cc8d868401032f674ba8d3f19f,5.6074
08f268cca18ded4c03a6246c89b20d10,0.6115
08f268cca271ec980371915722b9c6b9,0.3054
08f268cca4001c2303040111db7d18e5,2.7606
08f268ccb672676803a241e209494cfe,3.9742
08f268cccb00cc8a03cc0bcaec4dfb56,0.6246
08f268cce4559611037b906a40ec9316,6.1887
08f268cd1c1656280383fa1104d4e8ca,6.1851
08f268cd76628af2036e0ece735e1d17,7.2022
08f268cd80c8e50c032dabc7e76dab0e,2.0144
08f268cd830006180311f0dbde9e3c2b,3.2235
08f268cdab610aad0376d0d1525d48ca,5.717
08f268cdab6e9196036ef38477483870,5.717
08f268cdb514a140037a9b424451bc3b,0.253
08f26905a21b2aab035d88c24aff9ecf,4.6868
08f2696049d0acb403b502fc1ba7fb5a,3.0079
08f269605cb2d79b03047fa6d3d7a6da,2.0346
08f269606354c18c034460df7ea001c1,2.4983
08f26960d699575003401d1cecfd1ed0,16.1159
08f2696203ba5a150343773f35085c21,0.4457
08f269625476246903aae0e366ead773,4.0582
08f26963044a2a5b031509f076a0926f,1.1943
08f2696311da18f203c36e285ebe9b80,2.9593
08f2696335d546a303cd55f9f9b48bb5,2.7106
08f26963a30c938b03fe8ccbad144bde,0.955
08f269680e488ba103b019836fe19be3,1.6444
08f269690390430c036cfe6722d3378b,4.0629
08f269691b230158033e704e15d411bc,1.1954
08f2696a464500cb0325841e13977626,21.7832
08f2696a827a429003cedfa1a8ab4131,3.2861
08f2696a9419434203316ddaa0fcc0a8,0.9309
08f2696bb666ea1503d816a1b208c25f,1.6883
08f2699431ad18da036c1a4597fe5ab1,34.8876
08f269baac0cd490038f9a5693bd9fcc,1.6647
08f269c1a22d3260038cde8ae852ec55,1.4801
08f269d5a52c5c5c03cf22246734e19e,57.9553
08f26a2b187a934803840ebb030a903f,138.2707
08f26a4183a0199203d68dede0779468,182.5628
08f26a872e276430030204738f180070,81.1782
08f26aa4304849ad0313de2479451e12,1.307
08f26aa4c81311ac03b85482f52779b4,6.91
08f26aa5144cd88a036737144912fb85,2.1904
08f26aa5369954ea035e008a6d57f19c,4.0807
08f26aa54dc0114e03805c35dc8a328f,1.0252
08f26aa6a868ead2038fccf5ccc65584,1.9703
08f26ac4a46dc98603fccec79b8553c2,76.1713
08f26b33129245130354770615e4a2f4,80.5253
08f26c115d7aa12203ed361a34168d7a,8.0806
08f26c117548522a035494beb0f4cad1,0.5459
08f26c18366ac906030bac39a9f6c2ce,1.8102
08f26c18858da656037bc1345ab8b86b,1.4729
08f26c18980eaa9d03ea9693dcde1e7c,4.8705
08f26c18b3d23a6c039fdb5f9aae76d8,5.7323
08f26c18d1694a960306546460891d14,0.575
08f26c18e3421ab403147ff46335100c,1.3909
08f26c198a311cec03a73c757cfc2fd5,0.5713
08f26c3ac36f30b40378e0675c56948b,0.1267
08f26c80588f455603b52c97ae54a772,0.6854
08f26c80d6b3156a031d763bfe650ae6,2.9218
08f26c80de94516803e1ca7e3ffc38c8,3.1508
08f26c80e859b64c039fc2855ed8747f,0.4149
08f26c8210901d6c038081c56dea9ede,3.4709
08f26c8282ba966003e023e5fd1331e8,1.1379
08f26c82ae67370a03a99e6de7939540,0.3276
08f26c82b4573b6203b3153a888a0c0b,2.5822
08f26c82e5542b5503faab1962ae3418,0.5664
08f26c82f6ca4140031cd43c1c2908ea,2.8889
08f26c83952b68c103dc3ae01b0fd93a,0.2538
08f26c844aaf692003685553162841ab,0.7293
08f26c84510c0ceb03db7f3a1e166b55,1.5777
08f26c860a0e5c40031ee3e133df8bc7,6.266
08f26c8610953b4b035b8e9cabdfdddf,4.6872
08f26c8615b990d00345b79feb8247a7,4.4446
08f26c8629b5c35a03f6cbb13a2d20fe,5.8658
08f26c8635c2950203c43c963b3ea27a,0.2274
08f26c864e65c28003b20fdce22cf3ab,0.2183
08f26c866966454803be4b4c0c0aca0e,3.8299
08f26c866c02c22503262af1e1ee3e46,3.0614
08f26c86733b085403a8f5f032a32032,3.9242
08f26c8693602b48038404830b319735,1.1004
08f26c86991b4af20388820863ac7ff3,0.3796
08f26c86ae0f64dc037caf99da321f3c,0.6279
08f26c86b4cad2ea03bdf161ed1276cd,7.6453
08f26c86c5ab6490032846cc64adccbf,0.3155
08f26c86d0d2c07003ae6634c8fd2c91,3.1135
08f26c874224414a03a4f15e67fa93c8,2.4718
08f26c8749c9429503698ac565567caf,2.5373
08f26c87605ac2e903db86f551d16447,0.6742
08f26c8768a500dc03abf24775995042,2.0715
08f26c8773596569032e8f47a2b68417,4.7094
08f26c88ad6c5d6803d218126826ffc5,1.0241
08f26c8cf6420db60390fbb37a10f42f,28.3459
08f26c935024a1a9036006a1f7788bfa,1.9695
08f26c95abae91ae0375ec58f85bf31a,9.7452
08f26c9d818d002803d0ec292e7fd47f,0.5821
08f26ca2c28228e603480aa029df3489,0.5427
08f26ca31342e12303c388fcaa174923,0.6426
08f26caa5acc62d4038199c5f8d936ff,0.6911
08f26caa6acf6898035654b1fadd5da3,4.6676
08f26caac8ae6b280375d0ff46f8d989,2.7906
08f26cb12cab328a0386fa72c6aad05f,0.2757
08f26cb52a53257303c2890459919a3c,2.8183
08f26cb8a4db5769033b05db502ab712,0.8759
08f26cb8ac9866a303552b488f974570,3.8987
08f26cb8b38c332303efdb26d6099cc9,5.8136
08f26cb926574d2a03de32c6a37f0a90,1.0887
08f26cb92c499421032d179d09ca0b07,1.8203
08f26cb972580b6c03f67fef57a6c544,7.3134
08f26cb9a265909a038209eadf84ea98,2.1668
08f26cbac12b00350352666b02e4ac1d,26.7427
08f26cbc294cb21803f1000eb66b7f18,1.2595
08f26cbc2b33295e031e067abd266a85,0.9397
08f26cbcab48025a038aae8ff21d1f87,3.2137
08f26cbd02b262c103f8f90a077fc700,2.7704
08f26cbd29114b03034ebf092066aa1c,3.5574
08f26cbd3446675e0355c47ba610c410,3.6279
08f26cbd4355ec0103719bfcf39ad687,4.4988
08f26cbd50d90d0d03c5610acb7c000a,0.8165
08f26cbd6e41b4590361026e2a8003cf,6.6309
08f26cbd896f4da803d87619c1699aed,4.9807
08f26cbd9c94d6ad03985ef0b28abed6,0.7414
08f26ccc62a65448034fae88a6999839,43.5338
08f26cd0e6910c5e03bf0f092d458cb5,39.2153
08f26d1502608960039914046996f69d,2.6356
08f26d15122b2c0803805b63a1583f8b,2.191
08f26d94e04451b103adeb1f24b031b5,1.1568
08f26ddb237966eb036d66014aac43ab,51.6341
08f26de6a292073203afd846eee819b6,3.7579
08f26de6b019d33203bda11ee31d7f36,0.5462
08f26e2a1875ca6b03b80dd7c5033fe9,0.4404
08f26e38b33900d603ed676def810163,5.5091
08f26e3c55b5e47203bd7d42b5eabb3e,0.7508
08f26e421d50d9210349b5a70929edd3,45.6014
08f26e51314156c80391ea9e63bbcd37,0.7738
08f26e5a3488d8aa034137aa33635344,26.5117
08f26e85921104b4030900ccb571442a,0.2451
08f26e95751144c0034259da58b1e7f0,2.0242
08f26ea944551b01033ab8222b7a6e77,3.2696
08f26ec814c0182d030b59a6783a2789,28.8593
08f26ecb8b76c6ad034d5c2c2f027b45,0.58
08f26ed55803679503e0e696203bb987,1.3471
08f26ed7a589a774033cb39f57480989,0.7206
08f26eda660f02ac03ced1f2fccafca1,24.9736
08f26ee20dd85132031e71368ceee027,0.605
08f26ee2ca05c4120345d9c5fd7b05ef,2.5452
08f26ee2d14c50d6038f53521e5ea907,4.3292
08f26f0293d1618603a72669afd8e18f,160.2315
08f26f51633a9ccb037827cca94c52e8,91.9793
08f270a29b3904180377a192ae2c592b,91.8025
08f270b15b3b1604037b3a94dcddd4a1,30.033
08f2741365a5b46c038dc4b233c44d2f,32.3626
08f27418cc6d383503452a062050d422,0.6217
08f27435180aa529034ea671d66e4274,36.3463
08f27435503a852303b9a15bab5ee632,29.4406
08f2745adb9697ae0339c230b98e7f9d,0.3298
08f27462a810b4e803b52f304987621d,58.0007
08f274819265a56503c829a9feaacccf,5.2311
08f27481b1a300de03f76513579ac22f,1.7356
08f2748544d55d8103ee402e95675231,0.9088
08f274862c05848203b4087964feb934,11.0769
08f2748b454026da03f94fad4d6d30fa,3.5539
08f2748cc4180a4903d1d5e27b81a1d9,4.4248
08f274940b514662033c6cae5551e0dd,24.688
08f2749c6455890a030f8a3c90b9f1ff,0.3393
08f274a26ca2d9a203a0be941c6edc70,0.6701
08f274b09362a26203724af9ab7f2d9b,0.6141
08f274b8d52e0729031089e923a39828,21.8137
08f274b912cc8c55035483f3400770bc,1.5992
08f274c04c6a500d038245eded5a26d8,24.5116
08f274ca76d0567203fa72106e7d75bf,0.6861
08f274d041b5266203fb462955999452,16.7575
08f274d12a77546d03074254d05fa8e4,30.3744
08f274d14313550d032b786c25d1d9a4,26.5826
08f274d154d16a800353ca5c9581990b,29.5728
08f274d1643897b00337ec6f339099c4,32.3287
08f274d19a359a8d03eb616724fe9841,31.3775
08f274d21308e9490365f16779ba237b,4.8566
08f274d24d5ac70603b63f8dcfb44fd5,5.1041
08f274d26635157103d7be498b06cc9b,4.8185
08f274d2a671ea4d03d379594d484147,0.8177
08f274d34d48010e03ec9c771fc4ff46,0.8833
08f274d783a992e203a6dfe27aaa817a,7.519
08f274da4924dcdc03328356dc3701a1,2.2928
08f274da51858a29038258db5e7292c1,9.3087
08f274da5acedd9203ab244c2e886bda,6.3169
08f274dadbb91c740325e7242bc9fb57,8.1346
08f274db148ad95103db41522956b000,29.7567
08f274dd18a36cc3036748b90b19d324,7.5907
08f274dd2163071403f1b58590c3a155,0.7953
08f274e21545b60103cbed5293c07ba9,3.6239
08f274e2eec1672003fd257a6f5c7079,9.5231
08f274ed6bc6b188038f333b4b23d497,0.8008
08f2751b88442556035a4d87ca7c770c,32.4477
08f275228a156d5903bbf88f254b69b3,7.168
08f27524d056e93003b6d67d05235fd8,12.5795
08f275264ec3303003a518a8bcb13fe3,7.3398
08f275267231aa4303dd1419867ecee9,1.2677
08f275269974b18003a80c94527739fb,7.3807
08f27526a10b3d6a03a8678338eaf95b,7.5799
08f27526b236632503e5806f225c49e2,1.6846
08f27526cda62ae10324b64433b9d9e2,0.7282
08f27526f6d5248b0384fc6ecd8cc0c6,10.14
08f275271a6ad79903614ad54f8aa1c8,8.9733
08f27527257a0cb003668a3f22d9109b,17.0108
08f275278aa356740329c4137d10f4c7,5.7337
08f27527954adad60371221841858ed4,1.0043
08f27552210434c303f7b50c858fa4b5,78.7579
08f2756803065bac03631a821bb83ae9,56.0126
08f27580e609b8e203c6e06b54582a64,51.3185
08f2758153219633039c275ccb7db1c4,49.1669
08f275835938c95603e2603e6f5e2f5e,20.0117
08f2758d8101604803e63a7cb1564857,64.6664
08f275902cc74b2003158147427c580a,12.9993
08f27590514b093503d0de770ea94b86,3.9961
08f27590eb8ca15003d43dfbd5f668ac,0.5812
08f2759143daa6db032b74f34ba2ac7a,8.8999
08f275916c72498d039bdc698deb048d,3.6097
08f275920c283121032ce6482d618df1,2.924
08f275921068d2ed034e7d6fd479cb01,4.576
08f27592218f6708038331a1cf5fb602,4.0981
08f2759230ab6cd5033d0449db14f86b,6.161
08f27592438a838903c201e994469882,10.2035
08f275925eb82d9e03a93cd0aceee56b,8.8976
08f27592656f68cb038c72705d50899f,6.1384
08f27592b1cc9db103ccac2f229f81f1,5.807
08f27592e5d7222c03beacb404b5b4ae,3.6193
08f275932376d50a03e8ef1d0664b623,5.8721
08f27593347b5aa10301e60ced59eb63,8.7527
08f275936188546103e628b9b9b668aa,5.0414
08f27593748ca17003748e8ca7b700b2,3.7618
08f2759386cde5430394e4e9e49f627a,5.6075
08f275939e62c81803b27eb1b06c191d,8.9948
08f27594136b481103c609c21b641cc2,0.4982
08f27594c4d92b81033009ab618667a9,0.317
08f275994661a6e60349f88292a33ccd,8.9414
08f2759a32d552d303050be86320a17f,7.3746
08f2759aab42e09103b9616bc0ba1838,1.5142
08f2759ab37596c603e77ca7b36ae01f,5.3404
08f2759ac0ba3a550384cb8f48edf61c,3.5558
08f2759ac8d3064e034835ee7fc3ad8d,1.0236
08f2759b9c84d093033439e7676b9ce4,1.2966
08f2759c45230ade03a660e76905b827,10.1222
08f275b78b328516037f1112fc1bc55c,23.3056
08f275c5b41b280c035e7903e89168dc,16.3816
08f275cb00356ccb03c214a592fc6bf0,18.328
08f275cb16ae4b8d030f7cb15e704a82,17.5032
08f275d00e15e125030ba951293e74cb,18.2026
08f275d0b452922d037f4ccadfbc3b1d,23.2352
08f275d29c0b459b03e7ac0fb89e39ba,0.612
08f275d2b1ac07a6034f5c8c8f10a7c4,5.019
08f275d3902618c303c1a41f0c91f433,7.2957
08f275d610d8656a03dffdfb95312b39,15.2036
08f275d62c2b1705031a971e88bec999,6.468
08f275d6ce11126e03773ffe2588fc27,18.9905
08f275d72eb0a1ac036f8d3128fe0435,8.5804
08f275d74b483af1038199c301264989,5.9283
08f275d771273a1b03f41041e18458e3,1.0982
08f275d8a454ca24034c6cd5befde3cc,25.1355
08f275e41a51eac8037cdc0605c55c13,63.5981
08f2768414b52dac03ab04b1c385b87f,59.3781
08f276a2c560222203e8a745149bc3fd,41.018
08f276a65860645b03329f4b371eff88,49.0794
08f276acc00a8993030cceaf2e5d4277,0.2545
08f276b6a176bc0c0343553aebc278ad,10.535
08f27905912834da03820c686b65019e,67.4619
08f27926728a9550039f52cc9c261f0a,0.3862
08f279954aa4c429038c1457bd3d09b2,104.6713
08f279e361a0e14d03e8e79b308e9a3f,0.3445
08f27aa8b636d24d031136bffc4cae01,162.4026
08f27ad692168b3503970f4ef349df28,97.1524
08f281334455291d03de4202b690b2f6,59.7967
08f2814b41a5e2e403ece534d776af47,0.2816
08f28151140225ab03d1a725b1a6968d,26.7736
08f2815766a4649e032feeacd78cd9b6,1.2846
08f281879ec2aadb03493e78b33fc97b,0.3495
08f2818d3159961203a9461793a7fb8f,23.7624
08f281b4a428e4f103e238898e845899,0.1688
08f281b4b12a696003818c78db2e16a1,4.0693
08f281ca1980186803b4c7d578fd2369,80.3355
08f281eb80bac7520398ca02ee8a042b,6.1318
08f283002000265a03fec5470f8defda,0.6041
08f283005212b95903425109d84295fa,10.9385
08f28300a16d682103599210ff97a24d,3.7432
08f283012896b7130364633f0a02d69d,9.2997
08f2830136602a4b033146bf28980a02,3.4842
08f283026a9a84540323edad41a37f69,13.9147
08f2830344552a4003d439315ccfda63,2.1298
08f283035b36d108039c96d21d0bc9ea,9.3768
08f283046bb668ae0345460b86041c16,0.5571
08f2830492c9228103e23492d9d0b192,2.0101
08f283049b34076e039b7ac66f86c37a,5.7201
08f2830813a1aa9c038f70ef117c3ff3,9.0247
08f28308c6c2509903583eeb9b9e8870,13.8564
08f2830934d4829a03691bc94817560d,9.3283
08f283094661e56103b55fa93cd7d280,5.0767
08f28309731732e903a8408955ec3586,3.5286
08f28309738e95ac037ab4e1a3c75f93,3.4973
08f283098549d96803ce8ae62171805b,10.252
08f28309883b03b1039c654b7492abb0,10.176
08f28309b4052bb003acc2c540627bac,5.3299
08f2830bb5c81936036c701c3ff730a8,15.4456
08f2830c6a78cc340397f793627c01e6,2.1501
08f2830cac3262c503bcf931090a385a,5.743
08f2830ce07a808d0356d7f0ebd99d0e,1.4642
08f2830d346d8a2903c33d3278e225c2,1.4429
08f2830d6249072003fc0f3ce07394ad,8.0063
08f283168d166096038ff9c1f797a90a,62.4118
08f28320eca156f2038743b731078f8f,11.4346
08f283214d95c54a0328137b91f65aa0,2.4384
08f2832184c5273503170384751e0c7d,18.4262
08f283226d111c8003cede7c055f7610,0.3871
08f283284bb4c661036d427b32cfb8f2,6.5678
08f28328da749d9403ff6e85d001296c,1.9295
08f2832a9acd255c031d9a56beded482,0.5874
08f2832ab2693545039bd4505c53bde7,0.3667
08f2832b0e0d38ca03c46be70f491998,12.1865
08f2832b1bab44cd03041b5f00e6608b,12.5161
08f2832b36869615036b1d79b36e7d2f,3.9879
08f2832b4aad0d82035ba91cf5f092e7,23.5601
08f2832b82770c0403ccb9c1c91400cc,2.9788
08f2832b980c40b1036c39852e9b01c7,3.5613
08f2832bacc81b91037b9158f046c589,7.1932
08f2832bb67aeb9b03f7bc3068126b94,1.4333
08f283349d89500e031cba164a80e521,18.0057
08f283409a0d3c1c033d856859890ec3,5.9125
08f28341a2b9b42103113b2a95304fd6,20.5609
08f2834290636d1c035e0eaecc76483c,12.2538
08f2834424c98c960324de142ce83d17,9.6258
08f283444dc18d8d035bc601b03a9cd1,4.4055
08f283446aaf67a20301f79e504484bf,3.4843
08f28345338b3d6203df9a1958b2fed0,1.7228
08f2834608424ae6035a4fd75b05745d,4.1357
08f283461535c59403a7e036747de8c6,1.4532
08f28346d3433a5003bbea5a5bc206ae,2.3764
08f28346ec80c188038cfd6d387f3e84,0.9462
08f283470271a4e9034742ee8f4ab8af,1.8455
08f283470c69202c0354edb62a7cb5ca,0.6282
08f283472c486346039d11686da2bc8d,5.0683
08f283473554250b038caf5aa8d37b08,4.1564
08f2834758972715030af272cd017720,8.693
08f28347a41b2c9a035824a7de97a81c,4.5813
08f28347ad616a8e03e4732117aa5e66,2.443
08f2834cc4d2d45003c0fac7a33a8e78,13.3399
08f2834d2dd30345036f50bf463f16d0,13.6063
08f2834da8d894f5030a88c5f1d1c9be,0.8688
08f28360044eb65c0331380806e68e7a,13.5156
08f283606aa9d00603649d1393015989,16.284
08f283610e7b6750033d56ddff0d73e0,7.5734
08f2836136156983038d7a0a708286c1,0.5531
08f283615283434403737149fc05926c,12.3709
08f2836215c53a02038093143e63a10a,0.2555
08f283621a4dc29a0358a71f374c07a8,2.8154
08f283622305196103e885d10c02b1b7,4.8182
08f2836ac44f27750361ca946567646e,15.7323
08f2836d12a2216d03d9e99994d0b154,1.0489
08f288423539500003ba4999b22fe990,0.5697
08f28842aca049b2030fb88a9c5b792f,3.945
08f288435d171aa603c9247560778bfa,0.3604
08f28843864a8c4c03866253a39712c3,5.1687
08f2884388075704031ae5243b6e692b,1.6318
08f288545c52448303f4b13a89f23e0e,33.9317
08f288545cd9588903ed8ab05f2155e8,33.9317
08f2888a033a884903c8c19c5cb54bca,4.8618
08f2888b8c14d876038b575c766b6a2b,3.4104
08f2888c0512db16033955c886b91475,41.6967
08f2889b85cce21e035f2d73ada16b2f,0.6632
08f288bb1ab1460603f863e030bbf48a,3.3879
08f288d5998f0b5803cfdb66a4e9ff37,25.538
08f288e699d2831603b6187e381bd5c8,88.0795
08f28923564a0d2e03500358569548c5,0.2368
08f2894995216d010375f1238b210f61,0.4761
08f2898531d71aa4035b8b863c31ccdb,0.3692
08f289b7ac99eb5003b845964e551d9c,0.387
08f28a6d55c113ad03012c25e1db5332,139.0905
08f28a9005d41c0003c907bc9a1e9774,0.1387
08f28a90d2c859000317d4b12cf9f470,2.2082
08f28b1c0daeb059039d898042ddd61d,0.411
08f28b2a9d150ce00329fe57d3ce159a,0.7647
08f28b6561a9a8e6034b72fc5f935ccd,0.4576
08f28c60b053036e03b2dce13ad1f393,47.908
08f28d0a24c48206037e66214673c12b,4.887
08f28d0a50d95a16038e017514282d68,4.7383
08f28d0b7526d8b3033ab3b8897ef20b,2.5023
08f28d152388111503845af5d01a434f,0.8083
08f28d17b02d6934039a1f70baa6ec0b,1.3505
08f28d1952c6662203ce0a31de05d89d,35.6515
08f28d1c7160c51b0329988c08aeae01,17.3203
08f28d2d94210a8403e3d5248e2c9040,77.2286
08f28d4348749a6a03fe42188283133d,6.7145
08f28d4ae932b60103d159ce7d834a22,0.9044
08f28d50886c389103ac7b0dfeea5024,0.4858
08f28d5430cb0d930339e086b9d2b395,5.8464
08f28d5456066dab0339c7fe07dbc46a,0.4889
08f28d54a436b79903e0fbfb5ca52406,8.5846
08f28d54dd331a01038b4658d7eeb17a,0.8713
08f28d54e80f6a9c039a1fb24b672cdc,3.8519
08f28d54f29801810338aa69940fad58,6.1381
08f28d55244b302903cdcfbca0b136a9,1.2219
08f28d55356ac995030f77c18b7db2aa,1.9042
08f28d5556234d0d0346c5255655f749,1.7788
08f28d5572b3215e03ea3d19c5cca22a,4.2793
08f28d55b5a3424203bc9746c044dcf7,0.9307
08f28d5701c02346035e19db31d40348,7.0786
08f28d59164eed4c03e0d83caa2f2629,1.2503
08f28d5930221723036cb026c819b4f4,4.4212
08f28d59a5520b99035fe368c500e526,3.6197
08f28d59b5aa146c03c8404704742cc9,3.2953
08f28d5c1691164c03414a3ffa017512,0.2145
08f28d5c43ccb39003e1d21ba8953954,9.6394
08f28d5c86726c6303f8e30e41791269,3.5792
08f28d5d0b8b522a03d54dddc3af7ef7,2.5456
08f28d5d164ccb0403f59b9f01de40f7,0.2015
08f28d5d23653c5d03065591a14f3d5e,4.7441
08f28d5d5239b75a0395403018984eb1,0.3381
08f28d68e446671c038d8c591bc913cb,1.0438
08f28f0084781c64034d076da943614c,5.3029
08f28f00a5226b5b039e623d1c97d174,6.4714
08f28f00d410eb03035e472943bd5bc0,2.233
08f28f00e4c94c1903d9809c11266721,1.3915
08f28f012b2c668a03c818550ee0b466,7.8453
08f28f01304b196e03339cbdd9f8dcc5,3.832
08f28f01517a5872034aaa94c2ee1e3f,9.0931
08f28f015bd13d2203f5f9d1a9c54c4f,8.2742
08f28f018d0c4da803f2c634c9e43273,6.4628
08f28f01938016200394afc9919b6ca5,1.2363
08f28f01adc09b26037a37d16f4ee10f,2.2169
08f28f08d95669b0039ea645f1592fa0,12.6174
08f28f0a948d478403686c9c8235282e,14.9961
08f28f172b98941a0374157c29cd0f4e,45.8948
08f28f33a0848d02030d7c183595b8e0,22.9597
08f28f38200482e903d0c4d95d1f9db7,2.3202
08f28f42c4cd2201037ab46f8531539d,0.6452
08f28f42ce70b6aa03bc9e1200fe8ef2,3.0453
08f28f4328a8554803f40370b9cdfd4e,1.4228
08f28f5db2ce8d640363b6896350e077,8.7654
08f28f66e150a71903537d2a4aa2921e,58.8239
08f29124dab943080350f80280555d97,5.8272
08f291345a016129034dbab2cf8f9915,19.6991
08f2913693c35942036ad18f5f24379c,0.2241
08f298465ec7670d03d11735937b4380,36.8483
08f298616cb31672039332909c5fe389,1.6636
08f298685a18d3460378049a6115893e,1.022
08f29868ceb05cd80309f275c246e63e,0.5224
08f2986a315b56cc03ba26ee7b45c415,1.5485
08f2986a349a101203d3465838bf79d5,1.1797
08f2986a825b481b0332c82aa907d4c3,3.1574
08f2986aa9c0965103e21142a44a0ca1,2.4843
08f2986ab1b0b835039e286843812001,2.3904
08f2986b1271d18d03f148bbb10d9f43,3.6401
08f2986b85aab04303f3cac1b75d6af8,3.683
08f2986b89d6d4900308faf9268430a4,1.5182
08f2986bb2064ba3030dec788b4658ff,1.1063
08f298901c92915d031847dac693f5c9,0.8784
08f2989033553a1e03e41787431937c7,4.4883
08f29890e586d0a1037c7e667b3e9454,4.9015
08f29890f1953cf303743ce0e17aea9b,4.0379
08f29890f351411b0322b4cd6840e333,3.5497
08f298989e241b2a0311445fa5b6957d,2.55
08f29898b1b582c40313dac92359e538,3.7455
08f2991c16455a0b032381719dcaa6a8,45.8119
08f29937057159160386486807157a13,98.5216
08f29957610f610103be187698017813,3.8853
08f2995770059da403aed273d62bf838,2.501
08f29a00236b1c840356309bf8d71302,0.8597
08f29a00411b169a03b3b19c356cd0c4,5.7715
08f29a0058a9a4a3036e838dc0656070,3.1583
08f29a00e099a63403fd258d72fea305,3.2445
08f29a00eaad80ad0357ef9a08d0e5e2,6.549
08f29a00f47748360367d5fdc7b6913e,1.0665
08f29a011ba9b00a0388e1b7f91fa64e,4.516
08f29a013460e69c03b77320672d74a7,4.7753
08f29a0158b32a2c036f99280560e832,3.1635
08f29a016936875c03ca04be85e7233b,1.4641
08f29a030cd32818034ab91d4ee19771,3.4833
08f29a032c20459d03578db4d45681a2,1.3985
08f29a03332f582603fd16f299d17c5f,0.5648
08f29a03a542210803a43a35554f2999,1.0587
08f29a05618d34a3030efd8903f9d1be,12.9466
08f29a0643c0464c03e0078b9c40925b,0.1919
08f29a0649744cee0319980d0d2450b7,3.7366
08f29a066b22b02603352686344b5dde,1.0115
08f29a084d318c940331ee33ce79b94b,4.0387
08f29a08f27752d303921dcd8debc260,0.2028
08f29a099a39dd240371b3151770e760,0.5845
08f29a0a00ccc0e00304e68834d0d752,8.0409
08f29a0a44a945000344e7a574dd9bc9,2.272
08f29a0a5892ed090310c6e12b033b0a,0.5024
08f29a0a5b31b2b503ffb9a87b3ad8e5,2.9485
08f29a0a5e92b74003bda39abb20bb3a,1.895
08f29a0a6c358159038100842e11629b,2.3123
08f29a0a72b6b813036f3e2af403e158,4.6476
08f29a0a7411db0903f4e2e65ceb87d4,1.8517
08f29a0a827a26ce0321d090d8c484c9,0.6565
08f29a0a894ed812035d174f6db17327,3.9483
08f29a0ac6b8c4d503cf0b0ac6a4c690,3.7539
08f29a0af01b280603d3a7a2fcdd7e7b,0.6506
08f29a0b06a50a6503bdb50e89ca691c,4.7882
08f29a0b0cd0b69d034afc3f81656b30,2.4037
08f29a0b4519a2de030bd9cf0aaf83a5,4.6837
08f29a0b4ab8a8a00350fd8b9d4b7d18,2.6384
08f29a0b523ab95a03fc6ce0c48ca019,5.3094
08f29a0b53925d2e0358a694ee63d248,4.6415
08f29a0b5a272396032de0d329451b21,1.8517
08f29a0b6bd644b603ab163893c1d1aa,4.9133
08f29a0b6d550d6e03f9263d1f1519f8,3.4833
08f29a0b76c11b1e03cf5f9603ffd7ce,2.0437
08f29a0b9e0ce8f403b4b472aacaaa73,1.3855
08f29a0c5021c83603df810eb37368ed,0.4743
08f29a0d6415e1b303db685c4e1ad3e5,4.4339
08f29a102591a2ad03c0ab198738af29,2.5168
08f29a113198614903a12d8e2e027d89,1.5714
08f29a115133361303e4e7443f84b1cd,2.1602
08f29a144c82d15203a72d7fc4b75372,1.3989
08f29a14642b478b03602ef556eff030,5.1842
08f29a155ad990b203af6ef297aa42ef,1.5565
08f29a1888aad88e03ed2705033e5e7a,3.6916
08f29a189152ac5103ece35531688131,3.0762
08f29a189d805113039a8c548385ae41,4.2292
08f29a18e0cd6461038df81ba3caf618,2.4192
08f29a18f1a9875003e2cee0a3333dd4,0.7768
08f29a18f5864caa030002d93b536c17,2.5416
08f29a19b1a2096b03c24ac4fc789d04,6.7832
08f29a19b27435500397f6e7bad56d19,4.4103
08f29a19b6a848ec039535c0119ee1e9,3.6288
08f29a1b31961d9603def0a649fa762d,0.3127
08f29a1b65ba192e032a9c7f99d5207a,1.0433
08f29a1ba2043c20034e2107193fdbd7,0.7298
08f29a1c31b60742036a37fd89a919f2,11.4172
08f29a1c6490156503fc1c022a1c38eb,2.2279
08f29a1d0391596b03b89070bbff1975,3.6803
08f29a1d0bd195a203e1d2476aa0e68c,7.3392
08f29a1d1a80014c033c22ba2ef60c89,7.7014
08f29a1d23b535550304d03672c2408e,1.8588
08f29a1d25b1c015036d57510ab28d2d,3.8872
08f29a1d31208c8e03e5c3b652dc9c77,1.5893
08f29a1d3474e3b403771806b531315f,3.3034
08f29a1d5dc4858903a28fa4408c769a,4.8525
08f29a1d6205ecdd037239fe48cbba7c,1.7685
08f29a1d6acc907203fda1966a3c3e2d,3.7418
08f29a1d733aec0803ac20543a61835c,6.8092
08f29a1d8cae507203de734d731381e2,9.8515
08f29a1d96033d85031de11b9ad20bfc,0.8175
08f29a1da38c80da032cc6160837bcd8,5.9162
08f29a1db12d291d03b4871540f7a9ba,5.3035
08f29a2959d98116030e246c05b23011,22.8477
08f29a32c9535d5403d17bfe80f751a6,71.3624
08f29a3c4274c82b03c7e9a249850099,30.3394
08f29a4015ce04240385aa7e6d91f6d3,4.3098
08f29a4099304436030b83b45f6e3ab3,3.0323
08f29a409cd1401503e647bbb62fa5bf,1.4005
08f29a40aa314822031305f34cf29717,5.901
08f29a411b2b0aca036d93cc94178028,5.4862
08f29a41867810710326202b1570962e,5.8433
08f29a418e07470003555a7cca457ad1,1.9765
08f29a418ea0974a03c68ade761ee78f,1.3405
08f29a41a158b38c03f28b6ef9d495cf,5.6772
08f29a456bb4168b03fb1463714ddd2d,8.4543
08f29a456c6d244203a054b215aa5ded,9.4942
08f29a46608138ac03de1bc4f2136a14,2.8406
08f29a470ea5e8ad03cc49ab1e5b17e4,1.4106
08f29a471d79a591039d7ea8a30a372f,1.923
08f29a4740922b83037395708e1ad14a,1.7379
08f29a474c2c576d031700f1f2ae7e1d,2.851
08f29a4754b8105103f822c2d858d20a,4.6527
08f29a4764895751031e5a7c1690ac3a,4.2773
08f29a4c418150d503910a1a6e68173b,8.3188
08f29a4c46726c0603b206530ec71ef6,6.3842
08f29a4c58ca03b403bc9e292ca8e841,3.7306
08f29a4cec0018e603a60caae0228070,1.0804
08f29a549187007203b4f7baae47968b,8.1912
08f29a549623347603918a1567a2c043,6.8268
08f29a549815a45a03b096ad54574746,7.8249
08f29a549a02b55803e629e19e6be586,6.1801
08f29a54c368861c03642679b2ce71a8,5.6125
08f29a54cb8ac014035880c177caa358,2.2411
08f29a54d978486003be316a9eccb3e0,4.1252
08f29a560327522303694275dff60cf0,2.4536
08f29a56053244ac03afa1d94804de7e,3.4877
08f29a560dc0bd80031f0f25b49819c5,0.1902
08f29a56120304b4036764738df1f22e,4.7734
08f29a5613555d91031d7d84e64066bb,5.5055
08f29a56532c6c5a03d531ec33dd5906,3.0561
08f29a568314938303ab446788c73ae8,3.0918
08f29a56ae692cab03c8c841efefa560,2.9986
08f29a56b2aabb0203059109ef5c7881,3.3395
08f29a56c873598103c0a568a080a5a2,4.3467
08f29a56de0b390003e657b72a1e7b29,6.4377
08f29a56e46c1c4d03006be0b2f0d9fd,3.3262
08f29a56eb425b6203e98ea4775b3b42,1.8041
08f29a56f428914003e9e6f26194d688,6.333
08f29a56f6458c56036c37e5db65fdb2,6.8889
08f29a57905b2a3603a86fbca436f6c3,1.1329
08f29a621d6012e50327a11a5ff15915,0.7015
08f29a625474364c036377377f54f781,4.3138
08f29a638802471403d8f6d754fbdf9e,1.2317
08f29a639bb6dad4036232271fafc708,5.0495
08f29a80dc0200d0034be25927d6a75e,0.4474
08f29a844616e3a5037a50dcc0bc0a8a,1.1886
08f29a855b881a8803a204ca264b04e6,0.3634
08f29a867212eadc031ddc2fcd7d5090,16.3948
08f29a8da8ad9a210320bc6b40f30502,24.3975
08f29a960dc0c9300363f971e634ed1a,25.5629
08f29ab8168a2bb3036a25022c38ae1f,0.6478
08f29ab83157245b03d830a45bc1e246,4.0575
08f29ab84a6c88d203d3f56d043d83b9,0.6638
08f29ab98e45b06603dc593a4eb81a5a,1.6289
08f29ab9a310468b0382430ed30e926a,5.6523
08f29ac4d3b71d450361e638750b31a9,3.7073
08f29ac9285616ad03d8ef92c018af17,37.4253
08f29ad0a684500b03f7fe85f34f1e32,8.5699
08f29adc44948ae20346948ccfb0d80d,27.1283
08f29ae24e64b4c103e75e97871921d0,0.3245
08f29ae980c2604403e9eac77caea12b,34.1865
08f29aeb1c9410590348540ce4369c3e,0.5828
08f29aeb2c61c889037ab3932505233c,3.0217
08f29aeb746ddc5c036dcc8c755d58cd,0.6123
08f29b0a6e453c2403086aa464afd7bd,1.2702
08f29b156b04ace00356f5ec9a8104eb,2.947
08f29b2598164a1403799ffe0fbffd27,61.22
08f29b29b4845921038c29a291c794a7,3.4207
08f29b2d1a7269490323603d61a6fc04,26.4669
08f29b396bd61385036427c1f749b91c,31.7427
08f29b664a474ccb03362578dad30299,0.3897
08f29b68b24d3c090386f543e8fbf3aa,6.9553
08f29b6c207b6d2c03d06b37a8028a52,5.8408
08f29b6c29569aea03807b4c8d7c1823,5.0099
08f29b6c2db1dcb4036fe15749613cb6,2.9468
08f29b6c32259c5c03b2d470b3694dc8,6.6931
08f29b6c344dc5ac03406f6a927e2e04,7.3535
08f29b6c4494519803e32ff9ef6f0ab2,0.4878
08f29b6c8831819e0345297651ca4f94,0.6722
08f29b6ceec19633034d39eed4ae649b,6.333
08f29b6d2a765b710345390206a41a19,3.5035
08f29b6d4635545803e7ed7fe1290c40,2.1844
08f29b6d56a66a6603698b5379557481,2.221
08f29b6d6699810a03e223a7040b8c95,5.0428
08f29b6d8b932db00319085a8dfbff7c,3.3786
08f29b6d95a265850368a99ee886c4b7,4.4161
08f29b6d9c6e649403c48088ece4ab0e,1.3872
08f29b6db02ae15e030c776b2e899c42,5.3174
08f2a1001180d52103725f14cbafbbea,6.903
08f2a10018d58a1603e585ff91067f97,9.2202
08f2a100314244280314db59eed22945,5.3577
08f2a1005b410965036738319eb1b6d9,3.0322
08f2a1005cb42aeb0320e044c8e3803f,5.3623
08f2a1006a28e0c903dd0ae1b8948050,2.5941
08f2a1006ccf62b0031f925c4dc5c617,0.7265
08f2a1006d98266b036285c2674ac6d4,2.45
08f2a1009479027203a0397ea338983e,2.1264
08f2a1009d2c6291032dde4513955045,0.1423
08f2a100abc458c6031ebbe3253a7568,4.7505
08f2a100b285e4a20319e6168470e0e0,1.5903
08f2a100c1b807a503b40737d680711c,7.4383
08f2a100c2108a53037ef161f557d295,5.907
08f2a100cb84b22303b52810b6269070,3.9393
08f2a100cd80b14503f711efad8b3c00,5.2653
08f2a100d208546103606e8d6cb3da75,4.6767
08f2a100d6b9251e033a177aa257d675,4.135
08f2a100d858c30e0337699931a7c31b,2.6793
08f2a100e284299e03480f39d50569d0,9.5739
08f2a100e3d4dac603699f8d3fd1c15e,9.4226
08f2a100e8a6310803bba8d49bf36a60,5.4372
08f2a100f14e105a034c466172314cd7,7.1551
08f2a100f32e301e03622c288eb148f3,6.7334
08f2a10100baa2c903e6ed8cc3493353,9.894
08f2a101852ce41803a8d4ca264d3402,1.0366
08f2a10330a995120384288bc3eb9354,5.8865
08f2a103a68d49500333889148a0fd3b,1.7441
08f2a1040607680903fc5c80de3a9480,0.3815
08f2a10445a6303103707518371ab4ed,3.5944
08f2a1044869c4c30320e98e6bdc1bf5,6.255
08f2a1045671820a034029ef981528aa,8.0801
08f2a104618e635e0395c49671d58f4d,2.4338
08f2a10472aecd8a032b909f2de0d129,5.5597
08f2a1049921482d03dd58e227f614e9,7.4022
08f2a104cc8100d203797fbd861c62b9,5.163
08f2a104e1b604ea03eef8901aa7b1be,8.4003
08f2a104e354c24d03e6cec3b2a30a2a,6.0215
08f2a1052b991072034180734d524a83,6.7997
08f2a10541a6ec61039b1a1c95b7c278,2.8688
08f2a1055d6d1a31032514c09ef44102,1.9886
08f2a106135aed9c0391a42bb3ccefb4,4.6344
08f2a1061431e39903a98cbf0fada456,4.6403
08f2a10619a9e58103b1a907a8aa21cd,1.3584
08f2a10622422833034c95814cac6c18,0.5585
08f2a1068d6b2803032e214549b1c388,4.2552
08f2a1069ca0bc090356a8b4ee55a653,0.4611
08f2a106b0ce3a60034d9026fa787dd7,5.8482
08f2a106c06a3653036546750d8aa3b8,6.6211
08f2a106e902328a03b3ef81044e4567,7.4738
08f2a106f4c32490031213972a7005d6,3.8269
08f2a10703916b6103a00bb920697ed0,0.806
08f2a10712390c31038651ff818e7636,3.9588
08f2a10726c720db033e6092a255bce1,2.2925
08f2a1072ec96cca0323900d934a5803,2.9094
08f2a107438148c803914fefffac5dff,4.1429
08f2a107521200e50394598e83360620,3.5014
08f2a1076171237003b4df51c0a4c7b8,0.1423
08f2a107744ded1d0309f311dae7da09,0.3083
08f2a10780ba465603c73a1d6e41ef12,2.4382
08f2a1078a60c958038232992976f30a,4.5089
08f2a1078d84234503976137d9911810,2.2929
08f2a1078ed899b003dfbab29e3fe4a1,2.571
08f2a1081a933a6403efe25d82a85c15,1.3389
08f2a10889412064037f2124308c6952,7.9534
08f2a109223761590357b70daac1a21b,9.0615
08f2a1095634c11c03022908165bcb3c,10.2521
08f2a10976c5c0140300d5818dcf58b2,8.8262
08f2a10a057b6489034591a68fd6426c,2.544
08f2a10a14249d280362175bcf4be194,3.0129
08f2a10a20641d34032c70b6c3642f77,5.2036
08f2a10a3608c005037891c5182f155e,0.3885
08f2a10a8d80c95203e7d097d90393c7,3.8364
08f2a10a96cb635803c7ec92bbab7f3e,3.7039
08f2a10a9cc12adb03640bee9d57b378,1.5435
08f2a10aae4db71e03f8f8180b5f6f07,0.5158
08f2a10ab649c07603b64ab426371735,4.5336
08f2a10b2dcb00660386f64f28344c7a,3.9079
08f2a10b2ecb60b4035da58dddc85769,1.6553
08f2a10b65c6226903d194eeee14e386,2.1003
08f2a10b7114acd3036d0f4e3171dc14,3.1493
08f2a10b912e1d1003a05500e6bbdec3,7.5505
08f2a10baa353ada03c2b7d06c4fb58b,2.6604
08f2a10c2659394503f42a12b71de05b,2.7451
08f2a10c5d11240b03c9e887e2740025,7.2243
08f2a10cb6cee66e03ac36c5161b04dc,13.4013
08f2a10cc3d8d473038e2c055b86d542,0.5089
08f2a10cea1860d103b7242f132b731a,3.474
08f2a10d1b26320003312a21d98610fa,2.6816
08f2a120407414e0033a8ea8d1537645,0.5728
08f2a120c031963103617e5b0ef2ed59,3.1596
08f2a120ecaad292033113f4c6a9d81b,2.549
08f2a122d62127a603dbb1968f18cc40,5.9563
08f2a122dd24554c03a749f1e19f4f8f,0.4221
08f2a12366b21b1003d15a6c9c6a127d,2.3521
08f2a12755c6eb2503372de021b26856,5.4087
08f2a12776c9d29503fec55eb1485a2c,1.5697
08f2a1282d6ae8e30344105846fca49b,0.8003
08f2a12a5118233603173e722a2d2508,4.5309
08f2a12a6a80429303483be85ea235ba,5.108
08f2a12aca08939803f74c2199b2b615,1.6939
08f2a12b33a9204c03f07cb1dc7bba97,2.9571
08f2a12b80182805032375a3726358fe,0.9394
08f2a12c497a02da037cf1eed368f0e3,1.3036
08f2a13160d8c322034d31f6ce1ce927,1.995
08f2a132dcd85784034a5082af50cbcb,6.3243
08f2a13306219766032b7b40da4d010c,0.2107
08f2a134222f421a03a75ed8250c55a2,3.1176
08f2a1342aae0293032a4e7d7573cd90,0.3919
08f2a13436b052b0035007ae603275fa,2.5601
08f2a134500a2b1d03dacc5ce6ca36e9,0.6418
08f2a134a07a8911033a9a93bc554005,5.7584
08f2a134adc543700390945c1384475a,2.3577
08f2a134cdc15a900336b84b3d717c77,0.5183
08f2a134d352a5b0034712a091566c66,4.669
08f2a134d560605303d4d2316bef7e5b,5.5186
08f2a134eec91d53032095d4e11f0769,3.6655
08f2a134f4124db00302958c7b2e00b7,0.9315
08f2a1350598825903beb16e06c64415,2.0356
08f2a1351875010203d7fd0da8377d99,0.4181
08f2a1352ba6430903fbfaf1c4d55f6f,4.3935
08f2a1355cb1341903377f79d1d91a24,3.921
08f2a1358237584c038255f9fd905613,0.8267
08f2a135b62e201e031b0031420098e1,0.6292
08f2a136a681b7520344aeb85cf87be2,1.3615
08f2a137a30c8b2603b9a19b78c84052,2.0594
08f2a1380614108303fb88f0be520b64,4.7255
08f2a13881823c30032c6db6690c2802,4.3167
08f2a138b0025c2e03844461ec0db69d,7.0109
08f2a138c145d22203932218d868f055,0.6622
08f2a138c5a1649e032b3fcb6e3a3b88,1.4847
08f2a138ce9aa709031a34346c23da66,0.6622
08f2a1391860944e03c0353303ab76a1,1.0845
08f2a139b22a02e103d8792c2a8a75bd,4.5683
08f2a13ab3380da2036bcb44d57976bf,9.8334
08f2a13c0d2308ca03529643d9835223,6.2239
08f2a13c1e51ba80033dd4868fef11f8,1.0165
08f2a13c8981c34503b2453ccbfe51ee,6.9143
08f2a13ce1455d6a03ea5b3f8b9b3faf,0.6325
08f2a13ce3252c2e033b491c71663a64,0.6121
08f2a13ceca30c1e032f84ba4e364175,2.3486
08f2a13d1b10177003bd7b36acc77c85,7.7649
08f2a13d28cf667103cadeee555d984c,7.8135
08f2a13d61a19195033196412c00ec62,0.978
08f2a140310f26f6031352f27e37806b,2.2187
08f2a1406041d57303ddf902998b8944,3.6499
08f2a14068a11a1b031d8f3311bd858c,2.5474
08f2a1420c19b26c039dd4cea009dc5e,3.5245
08f2a142296ad71e03aaf741802e4a06,2.3849
08f2a14255859901039f95348018c76d,2.3304
08f2a142db3644e80348718518187e48,5.5871
08f2a142eadac11b0398fe99c5b709c2,1.8036
08f2a142f048bb22036e8fc1a259660d,1.4662
08f2a1430c8d22d5037d2f14f2bd2495,0.2663
08f2a1431405a78a0389b9d619b3884b,3.4524
08f2a1438489b67503e0042c7995555a,8.3584
08f2a14620819a5a03dc7ace23b4e2e8,24.1742
08f2a146734de59b032ca64db6d4ba0e,20.3003
08f2a146f309078b034731c28815f67f,13.4777
08f2a1480db4d2620324fd8b67710be1,11.0623
08f2a1491b42e04b038659db62ea1c1b,6.6516
08f2a1491c8b1a5d03a1b1f7446ae473,4.8222
08f2a1492b760b6b032ce73cb4cac00c,0.8701
08f2a1498919a0e3030b814ae8cf8b95,12.0403
08f2a14a8118ea9a03bc55708835226f,1.137
08f2a14ad518343103b2fabacb101e27,3.6368
08f2a14b882cec5803bd9e93070907bb,6.612
08f2a14b9010eb2903b69c864723b05a,0.2413
08f2a14b9b5a8b1403e773b377b4e6bb,5.0803
08f2a14ba1362aac03adc4712aa1b2ec,0.1177
08f2a154666c575303218723574d041c,0.4739
08f2a154d1350cf6035615d588bbcaa4,2.9089
08f2a157b3311c12035355acb93ef38c,6.3974
08f2a1593698109c03ea98a7e257bc7b,18.2159
08f2a160f0a05aa403767d4d4d2f8cbe,21.1085
08f2a1629118509803154225515f0ca6,0.6781
08f2a1631d7a643103f66264238280fa,0.275
08f2a1686699238d03ad13023e945bbd,0.7526
08f2a16a4430e7b6038bc883f7f3327d,7.2063
08f2a16aee70561903a68374453444f9,0.3505
08f2a16b0e63644a0378f611137c65bc,5.5065
08f2a16b5a7adb6903c3fb7a36d6eee0,1.8206
08f2a300dd0500dc038e417464883fbe,1.7088
08f2a300de24bcc9033a7be6eb1aa32d,0.6381
08f2a301a3480692037164bae51bccea,0.5127
08f2a302da8de88a03ed7c573e4d15a7,4.4665
08f2a304004ac73303d55dd64138600f,8.1954
08f2a30463b6c98303f2123598536f32,1.7001
08f2a30471a6324603dc8adaf1899835,1.5143
08f2a3048859992e030aeff6d1797aec,0.8107
08f2a304c1715c8103e3c53c416f2ab8,1.5187
08f2a304d4a30844030857f37785ecfb,3.503
08f2a3054e8a995403400888008dfd20,7.245
08f2a3058ec1acb40353173e80de84d4,1.9294
08f2a305b07449ac0360edb91907c0f6,7.1367
08f2a30659c4e46e03440a2f1e3674ed,1.8843
08f2a306661ad6500376572e416ede9d,4.8556
08f2a3066e05cab00331c91c1bf3a6f8,7.0872
08f2a306732301b603be6fdd049932f9,7.6165
08f2a306dcac446303163e72a2ca9dc6,1.0071
08f2a306e4cec61303637ef006e03cb5,9.1051
08f2a307090214e5035347d341236579,2.1946
08f2a30746aee85d03d9f920b433bf8a,2.1261
08f2a3074aa85736039a203169e99de3,3.1053
08f2a307596488a4039285811ca88253,4.0655
08f2a3076501b4b203738838ad6b03df,4.6064
08f2a307a0356ad0035c592049ffb5fc,2.4665
08f2a30c29005342035f56b14d089a53,2.8159
08f2a30c5c2a200b038e756abe68ba12,5.7953
08f2a30dad05161003cc07820417c963,6.7417
08f2a30db5699d41034c644c6feb876e,1.154
08f2a3100e34480503b269d071c5bd65,35.0729
08f2a31411386ca3034a0ace92003923,3.642
08f2a314eb689c2b035f843a02021bb6,4.3218
08f2a3172c10193603a242bf31298bb3,23.8477
08f2a326650a4b09032a6b75312104b5,0.7302
08f2a327054f22090376290be60d860e,16.2742
08f2a32a09d6a35c03eb8b698ca74ca7,2.0713
08f2a32c480132c1033b22257379432c,38.2753
08f2a330216d46f00322cd23e71fa5f2,4.0283
08f2a330532c598903696903bd377b4c,3.112
08f2a330736e0390039e7cb6aa8ac348,1.4879
08f2a3311ba62a0c032e8dd0303999ec,3.4155
08f2a33140a418230388a9d0111ef00b,0.5699
08f2a331540b0250036c94df203cea6f,2.3869
08f2a33174c1568403d26a2db9cf8001,3.3978
08f2a3332a84a745031c9c494d04acf8,14.7948
08f2a333a08d592603b5d5ed9976b5d6,6.8316
08f2a334cd7a320803ab2be55d5aad25,14.1394
08f2a336319b3daa031c1a7f45ab4643,0.2067
08f2a336dd54b64a0303432783fd6031,16.6344
08f2a336f40f54db03f62d8e71567b42,9.242
08f2a3381a6554a903ec8f0a0aeb1691,3.8714
08f2a33859a0889803a5a46a81d477c9,9.1948
08f2a3387131d40c037e644c66c6725c,3.1671
08f2a338da486a9c039a1fabd0f8ee8e,2.4591
08f2a3391924b10c033786278334412a,0.1422
08f2a3391a07546903651a0a5e460eb5,3.0562
08f2a3393021298303b4f812dab2132d,1.7173
08f2a33931a5b82403175306ed37a9bb,0.2247
08f2a3395030bd250396277d21713bab,3.1253
08f2a3398c164c400357e25d362a15eb,6.2877
08f2a33a0c89506d0334bb7999dfd773,0.8573
08f2a33aa404c61203b3b1f42989bb27,9.5736
08f2a33c65c640a60377574dbaf66011,3.994
08f2a33c89273d25038a8cddb2f159fe,13.0867
08f2a33caa4901b00336814ae9eed6da,8.7648
08f2a33d23bacac603f16e2a11330933,6.0108
08f2a33d9db924530324a40dff54e98a,1.3927
08f2a34424a72283031f9ec0e190ff3e,0.4824
08f2a3446536c7100312a8c813bc4c4e,0.8843
08f2a3446d0c9a6d032a84128fe558ac,0.9948
08f2a3478cadbb4503551d50cded8945,11.2277
08f2a34c46ad83b60369748c10120ef9,4.1177
08f2a34ca6906a56039cef2014d87c64,0.4972
08f2a36218b1499303e3e656e7fd5c97,2.1069
08f2a363b46a2d550391815cbf7fdfc5,1.3631
08f2a369a824d246037be17cfa3f34b0,0.6783
08f2a802b0c19a80030e7efe5f7b24a5,1.2655
08f2a8082c12e06d031fd8a84c13cd5d,0.2293
08f2a80d24111b5103434da9dcaeb998,1.3422
08f2a823a6c1d35c0382302526ba8b95,0.8838
08f2a82d9298280103d5faecda8ac50f,21.8623
08f2a840d06ea7640329ca20a7c9f5cb,2.3004
08f2a840db8a12a003494c68e651a973,4.674
08f2a8438010974a03d7c4e7e0ee5a74,11.3254
08f2a84380c4281b0301790fa362824b,11.5769
08f2a84425726ab403e6c8fe7fac07db,0.511
08f2a84442366019034403985fed6624,4.2417
08f2a844632b0d9b0313f0eb75d96efb,1.939
08f2a845482f080b0316b395a3b5dcbd,4.3687
08f2a845903b0d5603a814696ad47cce,7.6779
08f2a84624c86d36032734868217d6c8,0.3599
08f2a8463611a311033d14e5f614cb0b,1.9496
08f2a8473501c5590315f29c2813dac7,3.7508
08f2a847812e16100361a67f0e172445,1.7874
08f2a847b29958180360af2f5405213e,0.648
08f2a84c8dab2972038ca49cad1571ff,0.1665
08f2a869a664841003e022202ea82274,12.9708
08f2a86c8049658603442c86364f5eb9,2.9773
08f2a86d995add42031f28e412c92c9e,0.5623
08f2a88c0c1b66f203ec3d42b9f9d423,2.2788
08f2a8960b3b313103ce0c4935faa5f5,4.1462
08f2a8964272d38e035b09968a506b62,0.5097
08f2a8964d2c119303b8d0496394ec29,1.1823
08f2a8975ec354ee03748040d70bf805,0.3398
08f2a8a90dc198c403117237a49fec9a,1.3141
08f2a8a95105a90b034928d0f9ac0fce,0.24
08f2a8ac6b8cd48d037f59c9a63bbc9a,0.6373
08f2a8b0656ae762038e514259bc0d80,1.2933
08f2a8b08211617603e955ed60abd761,1.6575
08f2a8b0d0cc04de03c014c913df4819,2.1629
08f2a8b4ab71b40d0320f7bc8dff0bbc,0.3233
08f2a8b73515c2a10347ffc1fdb937c7,0.7575
08f2a8b7ac652985032bebee0f5d4988,0.4829
08f2a8b9b48531430368613b7228e4e1,0.46
08f2a8ba28d6ace203694d07942cd83e,8.3158
08f2a8ba6e092146035eb352b1157077,1.1016
08f2a8bb4dc5408503559646d2afbe1b,1.4354
08f2a8c55388d372032e7662eb3e1f47,0.5864
08f2a8cd91a73b4c03eecb19ce4c1857,23.3659
08f2a8d6eb9a12ac03e1db0557ba6a61,30.0196
08f2a8d81991b83003b9968c099776c1,0.6645
08f2a8d8b342204503479f90f682dffa,3.1406
08f2a8d8e806a4a1034ff94dfdd4531d,1.9829
08f2a8d9b4509ca003acca237628e87e,3.7898
08f2a8dd6c3620d0030e8bda7d0fecd7,0.4295
08f2a900943224940345c9176bbf5e1a,9.3522
08f2a90292cb2d30038636b523670060,1.156
08f2a903a0905b85031d0196ef98484c,0.3893
08f2a9060ec64b68037fe9f4d2452406,0.3891
08f2a906492c1375037ae0e7453e41f0,6.23
08f2a90b046c481403365453353bd31b,0.5126
08f2a9150c088c08031a2c51c3ba3d02,19.3055
08f2a9241045311b031077bbd7291913,1.0261
08f2a924d4758a60032dd6c5ad1bf667,1.6735
08f2a927a108893103186e5da018791e,13.165
08f2a930014f2bb5039d16aee9d7e386,0.3727
08f2a930407a0aa603158e60a5c7ff7e,0.5604
08f2a93083b000830354a23e875b17ad,7.8997
08f2a930a68a5a8003369d556987d605,2.0452
08f2a930d029162503edffb9c069ef9f,6.7206
08f2a9310c10984c03e1364f454f870e,5.0928
08f2a9313176d8cc03131226a5084fef,0.4577
08f2a931438a9303033e5aefa3321c73,1.6139
08f2a9318506eb360327e2a75c319434,3.8206
08f2a9355c8138c503a57c711e572274,9.9461
08f2a9372a23322d03019c2ade38962f,10.642
08f2a938f29a9aec03fa7e21f81d8f0c,2.0744
08f2a939b19042f003dc105c37c53e81,0.3509
08f2a93c5d22aa18033be808eb1a6d13,7.4115
08f2a94c2573614b03dfffdab42fa25a,0.7195
08f2a94ce8c0938a0320c9442ce98a73,13.4424
08f2a94d33d5398c038c854421fac239,3.911
08f2a94dadc2bd9003a6590269d79dcf,0.5359
08f2a953a39b6c3503f97bca5d5da558,4.0682
08f2a95609390868035acf7277a9c037,0.9757
08f2a95635a042a503622edbf7aefab3,3.2166
08f2a956988f15b603e0ca4951c555f7,2.1079
08f2a956b2a2e49b036d276a7b403b76,0.5784
08f2a956d2b148220397c21c5bd823e7,1.9971
08f2a956ed36576b037a7dea8d812200,4.3574
08f2a9571268696b03b2dfbaed77ac8b,3.3262
08f2a9579ace6949036843438b0ddf78,1.0873
08f2a957aa270a50034ddca5b32d1132,2.9373
08f2a957b1500245030f5a67bd528cd1,2.8957
08f2a95d0d734d4103356c41a13ce502,1.0679
08f2a96c22072acd036dc5aab635d7f1,15.9653
08f2a96cca9733a0031649286b6daba4,0.374
08f2a9971a95d4a9032aec9b375f98d0,0.6466
08f2a9ba7042c46003bb57dbcc0711e7,1.856
08f2a9c0d08d4d2e03c2e432a73b0b24,1.058
08f2a9ca921a975803bfa79a01247f9a,6.841
08f2a9cac3570832039c54522e2f608e,0.9545
08f2aa128ad98d8803291a5c43f7ce1f,10.7443
08f2aa135d1861aa037ebee032072125,2.5731
08f2aa1885ba473103182f6e1b50be51,0.6832
08f2aa1b1a6aaa1603ae4a90a36f59ba,1.2838
08f2aa2da68352c9037a02077d803a88,16.4878
08f2aa369b104c49038d73a5282e01e6,0.186
08f2aa3729c44c8603af9e94cc50a100,0.4386
08f2aa38c251dc5c032316f38bb72513,0.2408
08f2aa4668c6450b038dbf76180f7eaa,11.7936
08f2aa498bd2b5a003507eb96f6cb9e1,3.4023
08f2aa4a8c302d9b033a20f04a313103,0.8855
08f2aa5272d8aa8a033c6cad84c0eb71,1.1441
08f2aa5ad5b45a5b03e472619456fc76,0.7564
08f2aa5b6ba362c203868d2c0c1932f8,21.8577
08f2aa5d445310a403c9d011f7db2daa,1.659
08f2aa6280aeec44031f8078420feb89,30.7894
08f2aa652485d29803efff675c4b475a,2.9567
08f2aa6c8c4d1d98039e7a5b0bbf6624,2.7528
08f2aa6ca20002f0038981c4d3b2e123,7.0728
08f2aa6d8ea6c43503b57ee0054e8820,2.0945
08f2aa6d92a8ad4203d47828197535ff,0.7559
08f2aa800454a28c037ac90df32e69b6,9.8733
08f2aa80069230c8038f16cf8ceab3c0,9.3313
08f2aa8085a8a42503963cb868daf5f8,0.2982
08f2aa809066d8de038121160683b074,2.5656
08f2aa81a402ab72036c6e73380013e3,3.0579
08f2aa8406d552a903583a8383108519,8.7812
08f2aa841e6c395e03f8a8debb0a6f23,8.3175
08f2aa845c134c4b0398fbdb0a136aed,1.9038
08f2aa847168da2403e238602f4d7a1b,3.3391
08f2aa84caa0cac003805cfb010ac72d,7.5957
08f2aa84da240071038983e235f497f6,5.8238
08f2aa854495425803b2f954fe6e0f18,1.3256
08f2aa85536ae4e90368dcdd4fa51dc0,5.5991
08f2aa855bd5a6a603696235d51e6217,5.0242
08f2aa859098425503274ae53879cca4,5.3411
08f2aa860c05901603d2ecc6f08673db,0.3478
08f2aa872cb5040d03453a7b5223b4b6,6.9373
08f2aa873446dd62031dc957a7e263fb,1.4947
08f2aa8793c7699c032c8a652a0e5ab0,3.3392
08f2aa87994ecb8a03a938c15ce19c95,1.6068
08f2aa87aea8002c0394255a0be12331,5.2385
08f2aa8c06cd4392036998682ae90155,4.956
08f2aa8c1679316803cb514d852e98fd,3.2136
08f2aa8c18674861037f1f39c27a1c98,0.4108
08f2aa8c422e16a003288aa21cf0ae1d,0.9232
08f2aa8c565a622e03f327d95a5ef18e,4.4153
08f2aa8c8d926a48032f37de6069cbb9,4.9677
08f2aa8d1186c173032a59bb0663501e,0.4459
08f2aa8d406500ce032d959f1787cfc3,3.1776
08f2aa8d56a0359003cc8a9e80f11492,0.8642
08f2aa8d5b8496880336924557d98986,6.9232
08f2aa8d637665450392d869d7a64c97,0.7849
08f2aa8d724f289e03c2000982be3290,1.5556
08f2aa8d88929b530369c4a5870b3b76,1.2948
08f2aa98a665827003ecef67a8df73d3,0.538
08f2aa994c2c524d036b6ca3da88c92d,17.2072
08f2aaa04d2db00503f50dd51cdc1a9f,12.3231
08f2aaa80dc60044030aa4fd00770b7e,1.1185
08f2aaa8436c580c0331dc61382cf2b4,3.5316
08f2aaa86ea5808e037c81d6b6f991ef,1.6345
08f2aaaa030d6214039dbc333287ae00,3.7682
08f2aaaa104581a8031c7e65924cd5e1,0.5331
08f2aaaa248a38f1033bb063b385db77,1.986
08f2aaaa419aeb9103963eabe1638695,0.3062
08f2aaaab0a5c0eb0341b85faa769e10,2.9414
08f2aaab354430880373e89966daa3f2,5.5589
08f2aaab6180a148033c3777485455a7,5.4419
08f2aaab6866444103390f240ae859b6,4.6739
08f2aaab7498377303d68c88da194dd4,5.1508
08f2aaab7605c6660323d536426642db,3.2548
08f2aaaba35710c60393f30b24180479,5.6874
08f2aaace2724236039f9191e9ec6321,0.2575
08f2aaad6478c4120358d682ef8210ff,11.3696
08f2aab504c618f10367143d5c640875,3.4408
08f2aab521b060a403c762df2d5f7a35,0.5372
08f2aab64db45cdb03b72e0c6f2bd2ab,1.6176
08f2aab6734e1adb03426bd67d96c97f,3.6828
08f2aab6c466a8a0033ec3a026b5a704,0.426
08f2aabd8a1528f503d530ec471c8f51,0.5199
08f2aac1a9c34d740371e37a588285f4,12.5208
08f2aac20d3232d50316b98b65d6ad81,0.1394
08f2aac31618eb420308baf162519fe8,2.9694
08f2aac318521cf00349716944b8ce3f,5.4111
08f2aac32532c1a10370d5c7c755e4ff,3.521
08f2aac32648071c03b99a1a4e92c8d2,2.9071
08f2aac4828d64c10382f86d6df6eab2,0.4693
08f2aac5088e26cb03f8e80648961a67,2.8219
08f2aac671841826037b56199d82b103,8.7593
08f2aac6e62e81160301814542792c22,4.6072
08f2aac6e9af5859031290fe924433d5,2.0319
08f2aac875aec8aa030d67d053c0b839,4.9219
08f2aac8d14c5d08033ef47541aea863,1.0068
08f2aac8e36c979903526999e0b775bc,4.6496
08f2aac94b99a0840323e966b740c0e6,0.6259
08f2aac95ac5118b03af553cd9b12375,2.9558
08f2aac98eacd6b003b0f5ff43e8d724,2.2002
08f2aaca14c1644e036129e86fbd5a28,4.4447
08f2aacaae0611a503d5e46792b980a9,3.9207
08f2aacb0615a45a039ebfef8a83669d,2.9832
08f2aacb1cb1d7660356acb9351ab190,3.7979
08f2aacb324edb8803dcede8ea8fad11,2.7598
08f2aacb4012188e03d75ee3a40a6ca9,3.2667
08f2aacb65a9a660033c27374b355967,1.1471
08f2aacb834036de030134daf6eb6845,3.4211
08f2aacd0ad8531103b8435e31efd672,2.7271
08f2aacd469ab86203f5cb110d02c8bb,1.1785
08f2aad161a122a103fcc33cb979f8ab,2.1723
08f2aad39c01d599037d0746863965c8,0.4771
08f2aad5097231030391993224e45322,1.2162
08f2aad9237ac774032f23b57aadcfab,0.3825
08f2aadd4482c48d035bc98b7552dbbd,0.5705
08f2aae28eb9b12003fcd8e4d38d29b1,0.5302
08f2aae29186d90e0319761eafd2a41a,3.4017
08f2aae36b09b52e039c3ff0208bbe0e,8.2688
08f2aae7acb822dd03ada30f1550c987,1.6409
08f2aae9125102de03cc87715398731c,0.3656
08f2aae920b8171603463e3b530b2d32,9.2407
08f2aaead12542420323319896eed80b,14.3044
08f2aaeb7211dd91032789d66df5564f,14.0174
08f2aaeb91b6572c03ca7447852dfd01,0.2426
08f2aaed6d09ecc60355f4665c8fa7df,1.2488
08f2ab02ea09b136037d7e5cf64fa016,9.2533
08f2ab105b86329603f50e81023e1988,14.8451
08f2ab129297037003b11a9e9d0483d1,1.0468
08f2ab15837a5002031dd5504da6e929,10.7828
08f2ab162daa14d403e085b869f75b17,8.9737
08f2ab172b0656e203ac99787fa21563,0.7448
08f2ab18e4748cc503d2f0b0dc3a2c2d,30.6719
08f2ab1b6366939c0358c99b16f3bf5e,35.0543
08f2ab1da94d590e0363fb49d735e7c0,1.0231
08f2ab250040b89b030814a1c8e55fa8,1.3078
08f2ab251aa2290b03dddc547fc622a1,3.6376
08f2ab254411c31d035b53b1aa8ee145,4.8262
08f2ab25499883630306c5d2b70f8b52,0.495
08f2ab2555240d1b036bd122e14186b2,6.3476
08f2ab256adb6d2403752c0956fe2799,4.0478
08f2ab259b961b44038895d60bc08b15,0.5896
08f2ab269bc49d120330f4972e0c1cfd,0.2732
08f2ab2c04b8eba3034e9035e6dbd22c,0.1684
08f2ab2c16ad355603db02cc10ba8185,3.0602
08f2ab2c19cc98ee03cf1961d65ab693,6.1643
08f2ab2c328d045903794cfcb86ef56b,4.6281
08f2ab2c8b2a62440311cc09ba01d250,5.4586
08f2ab2c9ada478403f9ad375e702005,6.6721
08f2ab2cb5544cb00344ba03aaaa573e,3.9586
08f2ab2cc398ccf4033933e089750b91,3.5948
08f2ab2cca32d642030f2e86f3229ab9,0.5528
08f2ab2cda062176036aac0f72610076,3.9703
08f2ab2d0838dd920319f709db65125c,3.1008
08f2ab2d2e726722039f0e0f74de9ed6,1.632
08f2ab2d4475148e0353e3243a63667f,2.3396
08f2ab2d59b88a090315e464a033b5d1,0.5264
08f2ab2d5e4b218c03f77eafb09b62c8,2.8779
08f2ab2d951006da030737b775855f21,0.7488
08f2ab3040c2a08c03e435d15f106621,11.7903
08f2ab3100101d490320ccc93f78b1e6,4.5873
08f2ab312010926303caa100552aeeba,0.6909
08f2ab3159b1442c0398021b5c1518f5,7.4119
08f2ab3170473114039e0b4ebd002d3f,0.2973
08f2ab3181d2c305036ff42c93674e32,0.9668
08f2ab330444890603c5e0b586b617ca,2.0169
08f2ab358bc0014203406a077cfd1a4c,21.9775
08f2ab3651c206a803b150a3b81db5b6,16.9081
08f2ab380db5344603f003d4e1500dbf,6.8604
08f2ab382c1a3100037feb5d114dcc8d,6.4529
08f2ab385d4a38c8039ff8b2384569f2,1.3924
08f2ab3872d2095c036ec15e337a327d,6.8604
08f2ab38c49acdab03b09177acb93d2a,3.6693
08f2ab38d1204b2e034b1fbdd02b5721,1.3176
08f2ab38d48b6001031b040b0354930f,3.7953
08f2ab3959ca5b6103f5496bc4cbefe6,6.0729
08f2ab3a25892c920361d8b0a93e7db0,0.5438
08f2ab3a8e2b22750394f45fdece19a1,0.6449
08f2ab3ac8355902034bff1b9885cd8c,1.1312
08f2ab3ae680000603ff3744c02648cd,3.1455
08f2ab3b06cb5b31034a48746eb87509,7.459
08f2ab3bae282bac03cd1cd3c909a61e,0.5344
08f2ab3c4948e38403de6f7680aeaba6,0.5171
08f2ab3cc926b47103407a3192797c30,2.2045
08f2ab5748d5b68103967817529943c6,0.1691
08f2ab5b06d91086039ac68339f6b156,31.3146
08f2ab601b72d48503c7fd2ac58440c3,0.3148
08f2ab66994b54e5031789f2be82706f,6.6278
08f2ab66c4c311a003b88015ad399c40,0.5633
08f2ab66ded5d58c035139a4d49f76ac,2.7969
08f2ad0273aa8ca8033b9f87304691e3,0.7663
08f2ad0350451166036e03699138ff96,0.883
08f2ad26a846d41a03e325f720580a8d,1.153
08f2ad30921848f403f53e9dd5e681df,1.4138
08f2ad31a1b5963003b92f9fe402da50,0.3538
08f2ad37a3b957a503c5852da80349a3,5.4273
08f2ad381088bb11031cdbaae7bc2565,1.574
08f2ad558b74d52a03da7919ceb49fe7,0.8089
08f2ad674d46449a0343165851653ed2,1.0885
08f2ad68933088ac03c7db18bf1d31ec,3.562
08f2ad69831481a903c35207dd93e2ef,0.9359
08f2ad6d540a334503f37c1b8b80a127,0.4372
08f2ad6d65a911700372eee625cd00ca,0.2258
08f2af039a6f4223032bb9111b361167,5.611
08f2af05b514cb8d0395c8eb2a3c1e62,7.5206
08f2af0c95cdb5ac03fecb1b12356ea9,5.9576
08f2af60f3cdd2c403beb06fd0d32928,0.2345
08f2af61b68f206b031be935c338653e,12.1881
08f2af6223b81559031beba3f1cb1939,7.4829
08f2af6266d5e4830365a8ad73caccfc,1.8026
08f2af62aa8a8325035fb9e997dc07c0,1.7628
08f2af62e596bc2803616c38c71402ab,0.2171
08f2af6343533635036a68ae9ec86735,2.0203
08f2af63b4aa459403489b6a65e0c331,1.625
08f2af6555c610e303213d4c3111dbb1,0.2175
08f2b1a219972c5e03c5da800f4fe5e5,2.9906
08f2b1a45c02594e035f9ac129f0902d,41.2221
08f2b1a45d38d5840394c6a57120ffe7,39.3609
08f2b1a6a38b32000335e6605ec54af2,27.3616
08f2b1a81ed09b8c034da7e185fcc61a,0.8988
08f2b1ab2b8cd48103484cf58a24b36f,23.3823
08f2b89000c4058603a66920f3857baf,1.1281
08f2b890248434890362d842e77b7389,4.7733
08f2b8902e65d30e03bd913863cf415d,2.2957
08f2b8913334531003fa35aa51b89bb4,0.3976
08f2b8915b99594b035cd7a0809a8428,5.3612
08f2b8918ca0e713039021f4f7985a5d,1.5654
08f2b8928d8b15a6033978cb4d29ba25,2.4381
08f2b8986496214103a6480af776d9d3,27.7891
08f2b8994a666dac031fd983ea0d63a8,27.7891
08f2b89a461220700370aab54351c981,26.5105
08f2b89a469981090356c323fca870c6,31.0422
08f2b89cd214d53103c2d842d7a88c59,0.3377
08f2b89d40918aee036f40be74c3e1be,0.363
08f2b8a2025b4b8a03641569d0b3b14e,0.2511
08f2b8a2a6251b55037d43d1eedf1bb3,0.3922
08f2b8a2d69a5289039b88925883db29,1.0728
08f2b8a2e5b4606e039c8f707cc8c8a4,1.708
08f2b8a986ca8a1e03393e55b812a2c0,1.2036
08f2b8b324a82649030fc913f7893f02,2.077
08f2b8bd6259b053032ba73a1a9180ea,2.0356
08f2b8cb4038531e031beeb65f5f6159,4.6181
08f2b8d15e1516f503ad99ecc45933ca,40.2033
08f2b8d6a83587530334935d92c3d4d3,1.1732
08f2b8da6dae91b003c98a1f7fb6a75d,37.1787
08f2b8db2d64b73003723bcab7f97bb6,39.3782
08f2b8e928a12a7403177514d6f35b83,17.0393
08f2b99206b0d88803586d269a0b227f,1.0095
08f2b9930961441003d3814e79ad99a5,5.6971
08f2b9931e9252ae0369a6a189f55716,5.9047
08f2b9935821c35903fc4f4d2d850115,4.7911
08f2b993888f3b82034ccaca2d0a030f,4.7515
08f2b993ac58912103bc616dc55f99b8,2.6471
08f2b996e84e86180342954cda940d5c,19.3021
08f2b9b32bd7305803a73d4eb32edf48,10.5787
08f2b9b34cb21d01034df704d8ce6444,4.3649
08f2b9ba502080b003d8e0f86eb35c96,10.8195
08f2babaebd6c4c80341ef9ac56d19a8,0.2462
08f4413089701bac03b7fbef7f38ad1d,4.5977
08f44130c04317530307db090303e846,0.3139
08f441319aaa907603facaf8b5845d9d,7.1393
08f44131b0ca309503ad41296b7714ad,0.4935
08f441324b141443032c3f4944db2b7e,7.7458
08f44132d514a0ed03dc2bd83fa1dcc1,10.0387
08f44133a26ab192033474ae7c3c7a5c,0.8936
08f4413768b6a742032af2204f9a3ff8,2.2198
08f4413776a9c02503c10b535f0c634d,0.7641
08f4413cec90167503c8df1ddd4d1d74,5.6934
08f441645a95b0340384709bf0ba1669,65.8858
08f4416b89a9b6c3038435f4309d34cd,103.855
08f441a0867046ad032a859bcef6b666,5.1011
08f441a106ae2ca503b13f913d370b0a,3.6291
08f441a108af517103b9b2704afd4839,2.3932
08f441a18db9046003b92a21fc85f0a3,1.3604
08f441a23090cc2303370b05b0aab11b,0.0479
08f441a5a9665d3603f0c89ef3b00372,0.9468
08f441a80591e9600371dc6dc66d2647,3.0693
08f441a83585504b03d4d685fc8afda0,0.138
08f441a85562431d030722442f3d743c,0.4593
08f441a866436b1d0352b7644282f606,0.4907
08f441a88012228c03837aece14c2e9a,0.9618
08f441a88a62cad903a96b6742ac02ed,3.8095
08f441a90b2ce74d03cebafb3c0ad6d5,3.5516
08f441a95c570a1103dfb8d612c111de,2.7181
08f441aa822e984503744bb8f3bbe9fc,0.2951
08f441aa8e0c02e9031a4568cbc539c9,2.594
08f441ab8a39a65a03f77cabd0f1ccbd,1.8302
08f441abb5971665030847f88605a2dd,2.0072
08f441ac43da3d6b03cb594b1b9e234d,1.8723
08f441ac527aa6d40303d9ab5782ea86,0.2763
08f441ac7152642a0318a39fb604c5c2,2.3072
08f441ad7422440503de7084d1c1659f,10.1662
08f441e449a12aec03f6080826b612f3,3.0369
08f441e554ae021503a0d577acc8f674,10.3152
08f441e591859b4e03bc222d8322503e,0.8587
08f441e5ab49b758035b3eda7ea80f49,1.0238
08f441e601d589ad031f40ccf6f896a3,3.6889
08f441e71a05519303e065fec7f99505,3.6675
08f441e7512842b5034841e2e728dac5,0.4788
08f4440575ccc41803601b12a8a66853,13.0827
08f4440c9235aaa9037857112ba84416,3.9494
08f4440ca3551c19032e71cd8d70603e,2.7416
08f4440cabc8cb5d0324607f3d2f755c,0.4573
08f4440d9aac4d590306c9b1abb4e0d8,2.8488
08f444189b9282ab039f6d0db315109b,1.0705
08f44422e60d696103bd9e04c5149e02,22.2893
08f44436ab6734e1034469d4c060cbd8,35.1577
08f444424329bb7203e80d8239c6c98f,0.2632
08f44442e0ade09e039fa3d6b3590a45,7.859
08f44442ec8d9125037656011990a4b2,3.4108
08f44455b0b8b79803e318526f4b0b36,3.401
08f4445b3538970403311a39c8d11e7e,0.4775
08f444601d6d5d1c036be66b0778f2a3,19.6406
08f444642504130103ce7ad63b3b2416,2.9559
08f4446432ba631b03809127eae30d33,5.3251
08f44464adb89b980300698e36d7d831,7.5083
08f444650c554b0003acf2c48796272b,0.5178
08f444651914251c03f6bcb6e4ec83ea,1.0341
08f44465406d440603bde1ea87872620,2.8312
08f44465488e2d1c03935829193da021,4.079
08f4446668195cf103592db4ac1371e8,2.4613
08f4446683ca50a903cdddbf892c08a2,0.3926
08f4446823d9cba9039a94c843b54520,0.4708
08f4446ac330604c03810e1a94b712c0,13.5379
08f4448513405d1c0387001344dccc5c,62.282
08f444b4556da404039676d24480d973,5.793
08f444c3194e10db037c7658b4e64832,0.5825
08f444ca992b1d340340669ab4c384e2,3.4882
08f444cad1baeae603da1c39642df713,8.7547
08f444d68c90635003427c4548399ae3,0.6655
08f444d90a4666b603496d8aca9eae23,0.1263
08f444dae391c4cb03a43011fe39048c,3.3331
08f444e1840d6a6a03ddbd853c281aee,0.9081
08f4450000c554920376a60074b1f91a,0.734
08f445002d0b025d0317ffbcfba52f3b,1.0094
08f445054d95526e03ae11462db7bb3c,2.7937
08f4450c93a89916036ac183dd9d7d6d,0.2241
08f44518c92c190d031cb5f456136a27,2.7088
08f4451b94873a82036c236cc8fd86f3,1.4195
08f4452906399c4003b6f2b6e0cac275,0.7438
08f445290881c2aa0383c068af603305,0.2449
08f445292000374b03e11046b85945b2,0.4155
08f445298971612503a0e21a849864be,10.0898
08f445509e8a579603d458a3c614c180,11.9445
08f445545575a0620317445e04b462c2,2.2183
08f4455a209738740360bd39dd96747a,5.1714
08f4455a345a5628037f4a2c17e43be0,0.5428
08f4455ad66a876803c937045b799ef0,17.0797
08f445b02e77153303a31535c06cc50d,20.2891
08f445c00bd9d2ab03533cb36f218f1b,4.9523
08f445c38529ca71033397dc5d3e5469,1.1084
08f445c3a453246903fbe95952abf776,0.6786
08f445ca999612d20323a62145798296,3.8033
08f44686ed34c0a8031258aef75b20be,0.5862
08f4468b41b18d4a0391501e5a7f24f5,27.9829
08f446c029cb3d06030d7e5be3c2d024,0.2334
08f446c051a63461039fd3127d8b3bb5,3.307
08f446c0d4d58b11038926850736b728,0.3076
08f446c10613272503a29ea17e8582a6,0.4856
08f446c106309d6e032afa998dd3b012,2.4279
08f446c10bb6639c03936c713c4d496f,0.3551
08f446c151ae9d35035d332dc99917e2,4.2012
08f446c171c4cc7003dce5fd16b62a89,1.8666
08f446c1ad62e2e003d5e3acd16fea8e,6.008
08f446c210c354530399c8571fa9263c,2.2414
08f446c2580d50210330bd9bb48dcb56,2.2298
08f446c26168231103e945d57a1d3ac9,6.0424
08f446c276af308e03e9a61e6f98b60e,0.2409
08f446c2ab64c7910368dd0b348366b4,4.6827
08f446c3024d24c9035aac107242e1d7,6.9574
08f446c3095028b303ac40b2436ccf12,7.5848
08f446c321c5d0220379fd027f9ef93a,0.5828
08f446c34d8c59850363af15cd912f72,1.633
08f446c35cab259a031f9ccb25bcba49,4.6447
08f446c38029c75c0302f132157ab5de,5.6884
08f446c8d54e82ca0364f3891f26ab11,8.8768
08f446ca122ee80a03e70db33c160a75,2.5769
08f446ca14441ab303729916d94830c4,5.2887
08f446ca1917556a03ce1dfb87a7edc8,2.9264
08f446ca2178dca40322b515ebeb14e1,1.1534
08f446ca26410ae2036d530616e3b849,0.4214
08f446ca2b3092480393ccfccc796f83,4.9074
08f446ca546605590329d42d2a2c2a90,3.3202
08f446ca5db6b63203341ffe975d3a48,0.4419
08f446ca6c4a06db03e4c73f86aee19e,2.5146
08f446caab60128603ec43ca58b3ef74,2.4643
08f446cac5571c6403af11c7e0b71ecc,1.8353
08f446cad5c6ba4a03d6cf5a79d1a1e4,2.0229
08f446cad9d064c2036a1c4a82db8397,4.8532
08f446caf548d6a003535004e9a8df4f,3.333
08f446cb44968b4c03ee8bc48f145590,8.1232
08f446cb912f2656030eeec424346c1b,7.0177
08f446cc0104567203f2ecd0a2dddc72,9.9211
08f446d3ad76d22d035a83357051eb8f,1.3971
08f446d51089101903eb8b3da746a393,5.865
08f446d8edc22a8b035e903594bf0a0b,0.5005
08f446dd359ad75b036d9021b0ed6990,5.5626
08f446dd8a61a7400339125835981dc8,0.1256
08f446dd93c2436203035d6346bd2d3e,3.5073
08f446ddb30d5b2a03c0e21bf852415b,0.14
08f446e0a82a90d803d529024bd1e08d,17.0043
08f446ea9c59b564032b6d2c5271bb26,1.3658
08f44a102921476303902f9a5f9ac0af,0.5312
08f44a102c0e280603b8eb1773fc6552,3.031
08f44a1046b689b503577a6dc6c79987,2.9195
08f44a104dd6a29d03a82d61d92634de,2.5914
08f44a10597b3d990327140e7df97692,6.2858
08f44a105e15e8b10345e9f3c68d78a7,5.8738
08f44a106da0e4830307ed47337aed27,2.7867
08f44a111d1148cd030ae70aa9086912,9.8243
08f44a114988584803d2ec13c21d4abb,0.6271
08f44a11666cb2d503a127591a94c4d4,4.4114
08f44a1168b10676039d68fd069a4ed4,0.7817
08f44a1206d453800371d4828cbca39c,3.7978
08f44a12134c319c034131db0c265c05,0.7397
08f44a1283d6c913032f7a8eaa2cbb02,5.7578
08f44a12a214106e03783366e6523548,4.1978
08f44a12f078d79903902228f697966b,0.9371
08f44a130ec9d0da033da03c1e144821,2.555
08f44a131695ea810319c42d964d5c19,3.7348
08f44a131e6d10c40312ae08c74374c1,0.4288
08f44a13254ee266037ac9b56d689763,2.312
08f44a138392c1b003b89ef2d6a86d04,0.6329
08f44a13865a272c035bab65df6e94aa,2.3645
08f44a138d6ca86a03cdda02879ce5c0,4.1935
08f44a182a665ccc03b9fd1a51ccc703,7.3785
08f44a1841cb5ba2036b672a2ae898ab,1.9557
08f44a1851bb409a03c4f51a255a455f,0.9365
08f44a185a7ab3a5033a5b5c4aee908a,4.3247
08f44a1872558a3403d13f731469c920,4.0955
08f44a18c8a42c0003a70727d939f635,5.7945
08f44a18c9ca31960346141e2340e7a2,5.7945
08f44a18d165c004035038a7a3b5b48c,9.2495
08f44a18d849238103c9201f7c746582,7.588
08f44a18e4173ade0312fd7238de8f4f,5.859
08f44a1975d14acc03d857b8c02c9277,1.7388
08f44a1a8390507503cc19a18207f587,3.6721
08f44a1b9965dd5b0333cd66597ff624,4.8247
08f44a1bb10e500403b54d2f7aaaeedc,6.3591
08f44a80d538598b0327b04e28f7c58f,13.8138
08f44a819d24399d035c600ef41e9d90,0.3902
08f44a821341c29603ce918fc892f74f,0.4041
08f44a82c6416a1603d79efbc7c65d18,5.9767
08f44a838e60dac80325eeb3a59665e7,0.1999
08f44a8902a048520322d8c9560b2ef7,28.533
08f44a89156142d0030d5feba945d36e,26.907
08f44a8c0632220303fadbae3610414b,0.2399
08f44a8c244d382303883bb7c8d048bd,4.853
08f44a8ce092d33603716dc745a11698,6.9412
08f44a8d8367164c0373f50a87a3bc6d,0.5581
08f44a8db2c42154030b76bbaf0bba7f,2.5614
08f44a9012b6a924038c078833c704b9,3.9048
08f44a902c6034c503139e3fb3c16ade,1.3453
08f44a90637339a603de6cc314023827,1.6029
08f44a9074553d0303fd31e4d6976b39,3.3291
08f44a9088cdb61b03b5867415694bcd,0.4209
08f44a90c950c1b5036f64c0b8343a87,1.5374
08f44a90edb84a54036fe7de9c06898d,4.278
08f44a90f5a5d2d20370c5e16cd679e9,3.5339
08f44a9108612748034b9dc2833dd6e2,2.4147
08f44a912e06d40103b28dccb5488e3c,2.5623
08f44a93021b208303dadb287d2ca55d,0.0846
08f44a939e713009031297b8d99b2946,4.1999
08f44a93b0c76b000374d981851e9c59,2.177
08f44a93b5b18b8c03de60b4d477ffcc,0.2874
08f44a94f374a4cb032b9b5714083f7c,0.2624
08f44a966833609803a1188acfa02c29,0.5808
08f44a972d31a12503e81ebef2e10525,0.6151
08f44a98d439211c033a7d189f96890f,7.1378
08f44a990472d552037c14f9a8494232,1.1099
08f44a99625837500366a5727fef3c15,5.2124
08f44a9a1872c81b03ddd5640f0bec68,0.4385
08f44a9c4d392933036486525ebdbff4,8.4836
08f44ab96a8155130325c491215424bf,4.9678
08f44ad08ea8ad68035ff4cf9cb6197f,0.3305
08f44ad24d7365740339b819e64a4afa,4.2348
08f44ae82310a4720316bcfe67616c22,3.8811
08f44ae82909dd9003f02b4735a17042,6.1991
08f44ae840155ad303f8199633180bd1,2.1399
08f44ae85356961b03d244f68796b122,2.478
08f44ae861a82a01037624ef279f9090,0.3025
08f44ae90476d4d4031eea3c5fcbfb43,5.3592
08f44ae919a6515a03620bbca8912f36,0.114
08f44ae9288c898103d32bb9996bcc70,5.9258
08f44ae95eaae8ae039a22f1aa9fc3c8,6.8875
08f44aeb8b3915b5036573934d659b90,9.2622
08f44aeb8e8a60a3039b17031939b807,5.5438
08f44aebb56f086203610efc82a14aec,0.6051
08f44c0b0a02dc48031b82552719f138,1.5259
08f44c0cad305d200304fb58442ef3e9,41.2951
08f44c1012b2b32a0380312e9b6c3b68,1.5039
08f44c106668c91c03020d53d41f6c23,2.6904
08f44c10cc07482803b02cdf1a417b04,1.5551
08f44c10eb4d469303dc99ae04a61e6d,0.9245
08f44c11404ac44c03665efae0448d69,5.3069
08f44c1205c4290203c899c11ec73881,1.5274
08f44c1219163083038fef3a384a3f27,0.5235
08f44c1274d5349403cfee9db072bf78,4.1187
08f44c12a5a1108503eca7b37df87718,5.8056
08f44c12ab7b283503173eaaca734df2,6.362
08f44c12b635a236030d4c8413a882db,2.6207
08f44c1308ced1a603cb112c35429d2d,1.6268
08f44c131e21d38e032bb5716b1d14d6,3.3041
08f44c1320990984030c044f8d12292c,4.584
08f44c13364f2d800313909647a77bba,5.716
08f44c13460dc15e03cbfdc14d4c715e,5.3939
08f44c134e661cb5036905fa815de41c,8.3987
08f44c1395cc02e5038c52ae11ccde45,4.023
08f44c139c38022c03c0dc82cbbda29c,2.6666
08f44c13a055cc48033269dce35d2a9d,4.4441
08f44c154c06ab8c039f75ee21cf1667,11.2742
08f44c165b28a822035e1ff5a679b723,7.6203
08f44c166e02956203729036632f3a5c,0.8687
08f44c1673772ce603221c31e17f049a,4.3088
08f44c172ad688a903d803392afdcd29,0.4087
08f44c174114c15c03025601c5d03d7c,5.157
08f44c1766c206960387d1e059b39eec,0.2166
08f44c1789a63a510301edcdf307b43e,10.8829
08f44c17a4d49b8b0395ba7d53fc3220,10.1007
08f44c18344828d60398a3cf6975c389,0.3015
08f44c185d72b884039c46a2a6d1e0ac,0.9
08f44c18d055156603752eb5243e99d8,2.9715
08f44c18eec34c360398b10607a5650e,6.9906
08f44c1a1c72b6d5039a7751b9c7f002,9.3082
08f44c1a4abab86e031e4772fe8b8a29,4.5846
08f44c1a54ba05a2038c39eec8283e92,5.1568
08f44c1a5a59165403230ee9cb238d33,0.6473
08f44c1a9da1aa1d036a295cc657f1c3,1.528
08f44c1ac22c971203fdb70ae10cec11,6.7572
08f44c1b84cc221c0398d563b1c7d3b0,4.6285
08f44c1b9646db9203b9225a98cf6c8a,0.5833
08f44c1b9bc4ad620389a2be147b06f3,6.0016
08f44c2281a0c1b2036517f5d744a553,0.2575
08f44c228617605903dfc0a38213deb2,0.4946
08f44c268da5b00203b1bb3720e605b1,13.862
08f44c329a922202030258dadcfcc1b3,16.5242
08f44c382396142903a6cd532c4b41d8,15.8581
08f44c3b52720b9503fd606c678b96af,0.3472
08f44c4a980ad15e035b18df15687d95,27.117
08f44c5492ad144403d617f15836bb30,0.1966
08f44c57684d2b9303f8ce98dd201f3f,22.4851
08f44c5b2906872603e386f5fd4fbb79,1.1325
08f44c868432c39b03eb2ebb13897b14,12.2236
08f44c88f4caa6ca038cd3f0ca4dafcf,0.5728
08f44c89648514b303b844acf94be3c6,0.1925
08f44ca05869a59a0340edc9eeac46fe,0.4514
08f44ca344a35585037e080336e3c042,0.375
08f44ca65b12801a03b38de377604708,0.9116
08f44caa2e60439a030bb12b75516933,0.9635
08f44caa4e31351603abecaba82f8e73,0.898
08f44caad386a98203cd4700c75f5350,0.5917
08f44caadd84db5d03b591904fe12f39,4.4658
08f44cbd08cb095503361d3794e9911a,11.1723
08f44cbd863ae2d90388b269e012044a,0.3912
08f44cc01ea56819037240cf82c52401,20.3764
08f44cc2536f686d036d6a84d7617d90,0.154
08f44cc2b50b0c2203abbd67cc6dd269,2.071
08f44cc41bb91c5503968697c718b6da,13.3362
08f44cc5102b6c8c03cd2504b01d6094,1.7916
08f44cc8260ecdb003eb711cf3840112,15.7708
08f44cc8c04162ce03ab920a1740a74d,4.3297
08f44ccc14c28a7003363b95edfb47dd,0.7581
08f44ccc52382384038b0b34b69b1b63,1.025
08f44ccc95d4c64303af994bd965bc2c,8.4621
08f44ccc9ad9e1950319408ed6f80ad6,6.8058
08f44ccca2904cf003ccceb38aa2666a,4.4101
08f44ccd330a0c5503b4cef5dfd6a32f,8.0932
08f44ccd80d54bab03fae0e675886f51,0.5279
08f44ccd9a11d1ab031b50cd6edbd078,5.6266
08f44cd16b641459035edbe68393e5e8,14.2507
08f44cd31276d273036cf80436e5644c,12.0407
08f44cd599473702039e9ecca3b42377,0.1622
08f44ce0492a40db0320da7f83fb15ef,15.6243
08f44ce31698061303b7cc47a26c3a13,15.6243
08f44ce5a9984543034c15bcbc205c97,14.425
08f44ce7862db25103d6b33938275848,18.3796
08f44ce7b52c532003fe188c7979aec0,21.382
08f44ce800bb60520308ed9ee1392b01,11.9644
08f44ce8f3b33cc403fd5405cfffba12,14.293
08f44ce92118c3880371bc0e8929ab16,0.2484
08f44ce99a1487ae032e1e674e3f796e,0.7855
08f44ce9b58324f003654d3d7d611f3e,7.6203
08f44cea5e14da5503e6727eb3f14127,17.4995
08f44ced8859042203caa5f29508e319,20.3887
08f44d061698b8ce038e31dea6f44740,1.4399
08f44d0660b8ec9403bd0559d51f61da,0.1726
08f44d077127524d03914ef90cdfdbeb,0.2291
08f44d392417326603717a4168dd83ed,0.2782
08f44d513225050e030bca8e49adedf7,3.9559
08f44d542314674803309ee0587570bd,1.4165
08f44d5c29a8916203670181eb10218e,0.1825
08f44d5ce5daece403626526c443a074,6.0087
08f44d840e05ad460365e399b2ea0ef2,4.2822
08f44d848618466b0358288e22754737,0.2167
08f44d849a613788037ae42ac271a912,0.2996
08f44d84ad79aa1203821011ed404532,1.2301
08f44d84c64ae158034b59d6ade8c52c,2.3756
08f44d851ab1a2e8035deedbc9186644,3.0593
08f44d8716addceb038a2aee4667c0ad,0.4409
08f44d884d512450033be6846e430632,0.8015
08f44d92e2d420f0039b1bb901f26f71,0.5559
08f44d9832446a2c0307ca82ae2e8687,1.2173
08f44d995655dce4038ee7860a82ff5d,1.2396
08f44daa6d87038403c34c5283254c1b,0.3239
08f44daae36c37b5031213187f2f9ae8,1.5395
08f44dab11b46a8503f7ec50ab1783e5,0.8792
08f44dab2126d16503a556154195e1ca,3.9852
08f44dab5639aa4d030f1d52ed72cc69,0.4946
08f44db4d05946800327fc220a2456e1,0.2935
08f44db8264d0b9203c071ba8801dd09,1.6915
08f44dbc5c4e5c4a0383bbe0a960a600,0.3404
08f44dc4b1189c4a03440379774862de,0.3469
08f44dc581253af1036430efa3a5c9f7,0.873
08f44dd1ad20078d0336ae08b279d593,0.7092
08f44dd470a5a688034996a243ea2508,0.2145
08f44dd4836de2d503160750552c7def,0.3799
08f44dd5216ddd4d0300e4f01d2e2c45,0.2626
08f44dd5467262eb03774b85ae2e3228,0.6966
08f44dd54d00976603050c20d99a68e2,1.3714
08f44dd561db2a2803b793bec01c74db,4.8593
08f44dd655835ad503e11a3c22d21940,0.4817
08f44dd84408133603caabf53ae0131f,0.5992
08f44ddd69a4d1810321f65ca1cb5fc3,4.3586
08f44de21c8512de034d16639ef42bb9,15.625
08f44de80db648e3039294c8ee9a7346,0.6296
08f44de8e011658e03294a76d0ab67a2,1.1988
08f44e04944858de033d290fd42f657e,1.2268
08f44e04a548b4c4030e62bde07a1872,0.7399
08f44e06ae0c3d3503c9cd17a830868e,30.5645
08f44e142dc1055c032fb2f13d9ed181,3.0462
08f44e229052502b035f86efed445f3a,0.2897
08f44e24f5b652ae03a6274ddef3135f,0.5864
08f44e34e4ae20eb03cad06eccb8963c,0.2415
08f44e542adb556b03a285728a41b026,0.1819
08f44e542e663a73030e3a9a921fd995,0.1819
08f44e5548c40a1e0328356bd211ff56,0.4825
08f44e5a5938029903415db1b50cef98,13.4183
08f44e5ad54eba6803c0d017b9565653,1.4007
08f44e80aa4b5c1c0392a0f6cc2d4d02,28.5244
08f44e82248dc644030a50f4fb6aaf97,0.7214
08f44e827699e96d03259322a93f9ade,6.1394
08f44e82e0702118031f42a23d694dfc,0.54
08f44e8369a6119403976ed651a556e0,5.3235
08f44e85006888d503505bc2609683b1,33.1903
08f44e865c61690d03aaa7c2f305f202,14.3433
08f44e8ad5d862b2033e74cc4a51eb45,3.6603
08f44e8adb44452e038df017f58399db,2.3755
08f44e91883abb84033baf60f5b32774,30.5674
08f44ea418cb227603b25cd526ababb5,0.6306
08f44ea4828f09400322c39734723956,8.5966
08f44ea6142d96ec03d4a8d26f009289,10.4758
08f44ea6b241161b031b939511b8d01c,0.4609
08f44ea72388c4920337138ee64a1c15,0.6071
08f44eaa5a2a335d0312cdafc149863d,1.1781
08f44eb26c48d936030b93b075459431,0.1814
08f44eb65d5a683403e29f792fa5b126,27.1594
08f44ec61a8ea4b40398546b3d9e24a2,0.3354
08f44ed759ca4945037ff509d2b8010d,2.8673
08f44ee4c8d9ad6d0390e5e608feb4cb,6.1986
08f44ee7736200150334989b83d6dfb4,0.3615
08f44eeb5c8f46a4032bd5323d0a6349,5.2262
08f44eeb6b9068a203a145b3628425e3,0.3093
08f44f0034b9d4d003ad400ece83f957,5.5122
08f44f00a88914a60346caa0adadb13e,1.1561
08f44f0114740ccc032109599fdb785d,0.4391
08f44f018eda2cdc03aa3d721a1b28c4,1.5891
08f44f01b55b6a1303e473fa0c2326ce,4.926
08f44f041c12b9b103123c3208bf2ae7,6.4279
08f44f04540064e403eb0282a870de40,0.5504
08f44f0463683d71030a7efa0f148003,0.1208
08f44f05282b6209037b0373d8dc307d,9.3392
08f44f0542d55a300371ab2d253738f3,2.932
08f44f061ec0cd1e03d634bd2277dce9,1.9272
08f44f072ea442c5038866b7dc899926,4.168
08f44f0d36bb1b5603dff7131cf8510f,2.1095
08f44f31ab9a919b038df54c530cf16d,0.9344
08f44f410a29898003b616e1a574fcee,0.2676
08f44f420a7ab480034d7e2c9204ee97,0.9732
08f44f42709b16ec032d9bedd47b8ac3,3.019
08f44f42e5021b9903648ddc2c43bd45,1.715
08f44f496a96c75b038777dac3736a1b,11.2292
08f44f4c193ad91d03a4f5ba46e6f958,6.4933
08f44f4cb49ad04c03644c8186678e63,1.2825
08f44f5716422a84031e27043d1ba26e,0.6259
08f44f6065a16b900363a8bb7a949a1f,0.3939
08f44f622dad1cc8033bbb6e432b65b4,0.4941
08f44f68943a2d5d032cd0c461f48499,5.5878
08f44f6a6d2a368a03b416ccb7058b41,0.1584
08f44f6d2b20d08803f5947f698df17f,7.636
08f44f6d4ed9d7ac0388491d2a3617f8,0.6477
08f46482dea920de03d52cdfdf2f171d,2.1269
08f464b90048d79b03a0a80f11946cd5,7.0145
08f464b9602140e40318c99763b06e7d,2.3763
08f464b96e72b51c0333a2e38270a877,0.1696
08f464e395806cf303cb4f380ae9a640,96.568
08f485bb592da221034d9fe006b4bc18,3.215
08f485bce969a19c036b418a4f4dc209,2.8426
08f4880ca48292150384db9233c19b0c,0.5438
08f488a6e5802d3603dabc2a53b2329a,1.2149
08f488b2282e385d030dee16f5017473,1.0811
08f488b6d395c1630334a4d695d363f8,43.566
08f488e8a415caad03266cc4413863a3,132.1253
08f489140348d326037227a61d1ffecb,0.8932
08f48922d57097b103239b4b20f90eac,0.1737
08f489509234bb1a0354629495ecaf18,5.117
08f48950dc902a690313a76ebbc90de1,19.5811
08f489554b4026350305cd4cd20a2ec1,1.352
08f48981aa82479003b564e4793687b1,1.1831
08f4898516403b9d032a9efe637262d5,3.9669
08f489859897449503fd0fdab36ebcc4,10.447
08f4898c9324540203d1badec489ff2e,4.9906
08f4898ca085511a03f3c19504118450,2.5473
08f4898d1c0aa00603cd175f8feec7f0,11.6722
08f489a14d3338b503ae237d6ba35cc8,2.147
08f489a295d56375039ea83d28229187,0.986
08f489a66a64299003b1bb50312df615,6.9906
08f489aa280a51b6032eed863e9382f5,0.7645
08f489bb6d89b62603072b0896d4a1d3,65.28
08f489c00c85c79303ac63ac59175da3,3.5267
08f489c013b55a85030195d547c3845b,3.4841
08f489c021c3010203e9bcdfc64ad752,2.3554
08f489c0326491b40303508b961d5855,2.7535
08f489c0a4d13d0c03df3b41813be893,2.7389
08f489c0b3800a1103418bb18c136457,2.7476
08f489c0f613572d03c631b838244bb3,4.0047
08f489c106c2d1040378c97fc8bc584f,0.1839
08f489c1121064b103d4be4a80f24590,3.5364
08f489c142a658030355bbe9b3d0f16d,0.5722
08f489c15b588b0403a865ef18114cf3,0.7873
08f489c17212026b03b48b20c0455b88,0.6547
08f489c3ac102b9503bcd768f2273f07,14.0547
08f489c413293c6c0397e447f073510b,11.4503
08f489c453b666e2031df384046a83f0,0.3573
08f489c4ec0ab83503d3df823ff437a4,0.3573
08f489c774b0a2ed033fc225884c0c76,13.0634
08f489c776c355730306102029d916f1,13.9817
08f489cc4b452a6c0319bd218cda37e0,0.957
08f489d522ce2b640382748d2be77475,43.7817
08f489e0eeb2186303f733199e308d69,0.187
08f489e24dcadb9e03127b042b0dd616,0.7416
08f489e254734320032b3c3b68350390,0.8853
08f489e271959cb403d6db908ef8d392,1.513
08f489e27520812c0393e0837bc66938,1.938
08f489e2dd11161e03ac85377ce99193,0.2903
08f489e2e38c958d03a972f6f146ce7d,4.9565
08f489e2edb00061038edae031b7218e,1.7763
08f489e35ed5415e03efadfd216eb65e,4.3914
08f489e36181ca4e032ed40c455aafbe,3.8268
08f489e37575220303a223d98390a1f9,1.8173
08f489ea0b60db75037b084792cdad94,1.4686
08f489eadd67454103e66e7d2af5638f,2.4894
08f48b149e82358403404668335974b8,7.9265
08f48b2a4e598ab603f48462247edd8c,3.4065
08f48b381e45aa330326c0fdab98ce8e,1.4453
08f48b3843249aab03881fe8d95549ab,0.8247
08f48b3844c11325033f88c627ba2e1c,0.7737
08f48b386c85892a036dc22f4f6f8e7e,7.9265
08f48b3871a2d44d037409405643b99d,0.7737
08f48b3d16d6bae103963b5fbe2a20f6,1.192
08f48b3d5a48331203c0eddd98695022,0.335
08f48c2c8cc2dc7203ac98f903b4bb18,0.1916
08f48c6123b28713032f41ad574d30c3,1.8994
08f48c6236d91af303d895a4e681a450,2.3047
08f48c6c096e892403349deca6181a1f,2.899
08f48c6c2ab4120b0303026e212a1b73,3.7208
08f48c6c7028e9260392efa6e1d276e9,1.2397
08f48c994c964a2503d9851bba10c206,66.817
08f48ca156a228e2036367558d7a2dfa,92.6732
08f48cc76466125303f26771b795aa23,0.1675
08f48cd8f07ab86c035c9804ee55cb12,45.8287
08f48d0261cb014c037e6081ef2be1f1,69.3307
08f48d621eb6c05303924040d66c181e,0.4794
08f48d6d92129b70030f8718935ebcbf,4.4327
08f48d8735a1e11803e93fa9a42bc160,0.8731
08f48d882d06d6f003129e0fd6ac60e1,3.4337
08f48d88638b6452035849f11116a926,3.0979
08f48d886b6b1050039fbca7b6fa97c2,0.3198
08f48d8b808ae04803b93a1444320e58,5.9746
08f48dc25e94a31a03218a0bacadf1cb,0.1207
08f48dd4900626d403b7681a9129e0f7,2.3115
08f48e809085009a033ccfe5904727a9,0.5619
08f48e8440a1d6890304131277a71da1,7.359
08f48e850b0ac4c803d7a8282420f766,1.1749
08f48e85465a80810342dda677688b66,4.5078
08f48e854e66ad2b03a616ef553dea1f,0.2242
08f48e8564220a140368c37125c31344,2.1176
08f48e959e5ad36203e316fb5d257f87,0.2512
08f48e968d794282030107feab0e84d2,4.1391
08f48e96cd5335b303dc1df03c57f76c,0.472
08f48e96decd65690306fbc01456af74,6.3094
08f48ea54acaa540030e068fee5387db,76.3952
08f48eba02b6455b03abb5aedb2f6f21,2.2216
08f48eba098701680363d12b3e7c5944,4.2812
08f48eba194cb148033ea4aa30b9cc8b,2.2391
08f48eba202f179403097b6b41a2679d,3.6937
08f48eba2dc6bd2d034a509bc7669459,1.7858
08f48eba49089b5a035db78f7f7d852f,5.4253
08f48eba5030d456030d3827e953d31f,3.49
08f48eba6302093003a40b9e765ab7f7,4.0245
08f48eba645ad46003bde60d275647b4,1.2972
08f48eba8599136e0331bad05cebb57b,1.0116
08f48ebaad1b38a3032c07efedc984d2,2.1217
08f48ebaf2120052039b566196c7d5d2,4.8703
08f48ebb4a32d873030d099f49c7dba6,0.5748
08f48ebb56c4d1160331a9d3482f5241,0.2115
08f48ebb8da6817103ed6dcb9111cab9,2.5807
08f48ebbb584434203f27f75fa65443e,10.2162
08f48ec7b019ac2c0389060171fd7985,53.7654
08f48ee173a88cb60351803fe6b24d29,59.4389
08f4cc576b9545b0038305d9593066e0,1024.7685
08f4cea98c6c9cee033b50fa5f9d2e27,1064.7486
08f4cee4ca28030a036742f969afd38e,1035.4483
08f4cee4ca76a2f103f741f4280efb93,1035.4483
08f4cee6232c8a1503fe633f2b1dbd94,1049.91
08f4cee6315291630321f5e9d2a40eca,1047.2539
08f4cee6360a025903f34894f171144a,1045.1532
08f4cee688006288030a2fcc60f2e9e3,1048.6592
08f5d107948d82eb03fc3604a06a758f,4.0511
08f5d11515601180030416c0a5b547f6,60.6449
08f5d144f264a804032278c8ede8f0d1,0.0
